-- MySQL dump 10.13  Distrib 8.0.40, for Linux (x86_64)
--
-- Host: localhost    Database: playtypedb
-- ------------------------------------------------------
-- Server version	8.0.40

/*!40101 SET @OLD_CHARACTER_SET_CLIENT=@@CHARACTER_SET_CLIENT */;
/*!40101 SET @OLD_CHARACTER_SET_RESULTS=@@CHARACTER_SET_RESULTS */;
/*!40101 SET @OLD_COLLATION_CONNECTION=@@COLLATION_CONNECTION */;
/*!50503 SET NAMES utf8mb4 */;
/*!40103 SET @OLD_TIME_ZONE=@@TIME_ZONE */;
/*!40103 SET TIME_ZONE='+00:00' */;
/*!40014 SET @OLD_UNIQUE_CHECKS=@@UNIQUE_CHECKS, UNIQUE_CHECKS=0 */;
/*!40014 SET @OLD_FOREIGN_KEY_CHECKS=@@FOREIGN_KEY_CHECKS, FOREIGN_KEY_CHECKS=0 */;
/*!40101 SET @OLD_SQL_MODE=@@SQL_MODE, SQL_MODE='NO_AUTO_VALUE_ON_ZERO' */;
/*!40111 SET @OLD_SQL_NOTES=@@SQL_NOTES, SQL_NOTES=0 */;

--
-- Table structure for table `auth_group`
--

DROP TABLE IF EXISTS `auth_group`;
/*!40101 SET @saved_cs_client     = @@character_set_client */;
/*!50503 SET character_set_client = utf8mb4 */;
CREATE TABLE `auth_group` (
  `id` int NOT NULL AUTO_INCREMENT,
  `name` varchar(150) NOT NULL,
  PRIMARY KEY (`id`),
  UNIQUE KEY `name` (`name`)
) ENGINE=InnoDB DEFAULT CHARSET=utf8mb4 COLLATE=utf8mb4_0900_ai_ci;
/*!40101 SET character_set_client = @saved_cs_client */;

--
-- Dumping data for table `auth_group`
--

LOCK TABLES `auth_group` WRITE;
/*!40000 ALTER TABLE `auth_group` DISABLE KEYS */;
/*!40000 ALTER TABLE `auth_group` ENABLE KEYS */;
UNLOCK TABLES;

--
-- Table structure for table `auth_group_permissions`
--

DROP TABLE IF EXISTS `auth_group_permissions`;
/*!40101 SET @saved_cs_client     = @@character_set_client */;
/*!50503 SET character_set_client = utf8mb4 */;
CREATE TABLE `auth_group_permissions` (
  `id` bigint NOT NULL AUTO_INCREMENT,
  `group_id` int NOT NULL,
  `permission_id` int NOT NULL,
  PRIMARY KEY (`id`),
  UNIQUE KEY `auth_group_permissions_group_id_permission_id_0cd325b0_uniq` (`group_id`,`permission_id`),
  KEY `auth_group_permissio_permission_id_84c5c92e_fk_auth_perm` (`permission_id`),
  CONSTRAINT `auth_group_permissio_permission_id_84c5c92e_fk_auth_perm` FOREIGN KEY (`permission_id`) REFERENCES `auth_permission` (`id`),
  CONSTRAINT `auth_group_permissions_group_id_b120cbf9_fk_auth_group_id` FOREIGN KEY (`group_id`) REFERENCES `auth_group` (`id`)
) ENGINE=InnoDB DEFAULT CHARSET=utf8mb4 COLLATE=utf8mb4_0900_ai_ci;
/*!40101 SET character_set_client = @saved_cs_client */;

--
-- Dumping data for table `auth_group_permissions`
--

LOCK TABLES `auth_group_permissions` WRITE;
/*!40000 ALTER TABLE `auth_group_permissions` DISABLE KEYS */;
/*!40000 ALTER TABLE `auth_group_permissions` ENABLE KEYS */;
UNLOCK TABLES;

--
-- Table structure for table `auth_permission`
--

DROP TABLE IF EXISTS `auth_permission`;
/*!40101 SET @saved_cs_client     = @@character_set_client */;
/*!50503 SET character_set_client = utf8mb4 */;
CREATE TABLE `auth_permission` (
  `id` int NOT NULL AUTO_INCREMENT,
  `name` varchar(255) NOT NULL,
  `content_type_id` int NOT NULL,
  `codename` varchar(100) NOT NULL,
  PRIMARY KEY (`id`),
  UNIQUE KEY `auth_permission_content_type_id_codename_01ab375a_uniq` (`content_type_id`,`codename`),
  CONSTRAINT `auth_permission_content_type_id_2f476e4b_fk_django_co` FOREIGN KEY (`content_type_id`) REFERENCES `django_content_type` (`id`)
) ENGINE=InnoDB AUTO_INCREMENT=73 DEFAULT CHARSET=utf8mb4 COLLATE=utf8mb4_0900_ai_ci;
/*!40101 SET character_set_client = @saved_cs_client */;

--
-- Dumping data for table `auth_permission`
--

LOCK TABLES `auth_permission` WRITE;
/*!40000 ALTER TABLE `auth_permission` DISABLE KEYS */;
INSERT INTO `auth_permission` VALUES (1,'Can add user settings',1,'add_usersettings'),(2,'Can change user settings',1,'change_usersettings'),(3,'Can delete user settings',1,'delete_usersettings'),(4,'Can view user settings',1,'view_usersettings'),(5,'Can add word',2,'add_word'),(6,'Can change word',2,'change_word'),(7,'Can delete word',2,'delete_word'),(8,'Can view word',2,'view_word'),(9,'Can add bsit typing master',3,'add_bsittypingmaster'),(10,'Can change bsit typing master',3,'change_bsittypingmaster'),(11,'Can delete bsit typing master',3,'delete_bsittypingmaster'),(12,'Can view bsit typing master',3,'view_bsittypingmaster'),(13,'Can add bsit typeing master players',4,'add_bsittypeingmasterplayers'),(14,'Can change bsit typeing master players',4,'change_bsittypeingmasterplayers'),(15,'Can delete bsit typeing master players',4,'delete_bsittypeingmasterplayers'),(16,'Can view bsit typeing master players',4,'view_bsittypeingmasterplayers'),(17,'Can add test history',5,'add_testhistory'),(18,'Can change test history',5,'change_testhistory'),(19,'Can delete test history',5,'delete_testhistory'),(20,'Can view test history',5,'view_testhistory'),(21,'Can add log entry',6,'add_logentry'),(22,'Can change log entry',6,'change_logentry'),(23,'Can delete log entry',6,'delete_logentry'),(24,'Can view log entry',6,'view_logentry'),(25,'Can add permission',7,'add_permission'),(26,'Can change permission',7,'change_permission'),(27,'Can delete permission',7,'delete_permission'),(28,'Can view permission',7,'view_permission'),(29,'Can add group',8,'add_group'),(30,'Can change group',8,'change_group'),(31,'Can delete group',8,'delete_group'),(32,'Can view group',8,'view_group'),(33,'Can add user',9,'add_user'),(34,'Can change user',9,'change_user'),(35,'Can delete user',9,'delete_user'),(36,'Can view user',9,'view_user'),(37,'Can add content type',10,'add_contenttype'),(38,'Can change content type',10,'change_contenttype'),(39,'Can delete content type',10,'delete_contenttype'),(40,'Can view content type',10,'view_contenttype'),(41,'Can add session',11,'add_session'),(42,'Can change session',11,'change_session'),(43,'Can delete session',11,'delete_session'),(44,'Can view session',11,'view_session'),(45,'Can add association',12,'add_association'),(46,'Can change association',12,'change_association'),(47,'Can delete association',12,'delete_association'),(48,'Can view association',12,'view_association'),(49,'Can add code',13,'add_code'),(50,'Can change code',13,'change_code'),(51,'Can delete code',13,'delete_code'),(52,'Can view code',13,'view_code'),(53,'Can add nonce',14,'add_nonce'),(54,'Can change nonce',14,'change_nonce'),(55,'Can delete nonce',14,'delete_nonce'),(56,'Can view nonce',14,'view_nonce'),(57,'Can add user social auth',15,'add_usersocialauth'),(58,'Can change user social auth',15,'change_usersocialauth'),(59,'Can delete user social auth',15,'delete_usersocialauth'),(60,'Can view user social auth',15,'view_usersocialauth'),(61,'Can add partial',16,'add_partial'),(62,'Can change partial',16,'change_partial'),(63,'Can delete partial',16,'delete_partial'),(64,'Can view partial',16,'view_partial'),(65,'Can add achivement',17,'add_achivement'),(66,'Can change achivement',17,'change_achivement'),(67,'Can delete achivement',17,'delete_achivement'),(68,'Can view achivement',17,'view_achivement'),(69,'Can add player achivements',18,'add_playerachivements'),(70,'Can change player achivements',18,'change_playerachivements'),(71,'Can delete player achivements',18,'delete_playerachivements'),(72,'Can view player achivements',18,'view_playerachivements');
/*!40000 ALTER TABLE `auth_permission` ENABLE KEYS */;
UNLOCK TABLES;

--
-- Table structure for table `auth_user`
--

DROP TABLE IF EXISTS `auth_user`;
/*!40101 SET @saved_cs_client     = @@character_set_client */;
/*!50503 SET character_set_client = utf8mb4 */;
CREATE TABLE `auth_user` (
  `id` int NOT NULL AUTO_INCREMENT,
  `password` varchar(128) NOT NULL,
  `last_login` datetime(6) DEFAULT NULL,
  `is_superuser` tinyint(1) NOT NULL,
  `username` varchar(150) NOT NULL,
  `first_name` varchar(150) NOT NULL,
  `last_name` varchar(150) NOT NULL,
  `email` varchar(254) NOT NULL,
  `is_staff` tinyint(1) NOT NULL,
  `is_active` tinyint(1) NOT NULL,
  `date_joined` datetime(6) NOT NULL,
  PRIMARY KEY (`id`),
  UNIQUE KEY `username` (`username`)
) ENGINE=InnoDB AUTO_INCREMENT=5 DEFAULT CHARSET=utf8mb4 COLLATE=utf8mb4_0900_ai_ci;
/*!40101 SET character_set_client = @saved_cs_client */;

--
-- Dumping data for table `auth_user`
--

LOCK TABLES `auth_user` WRITE;
/*!40000 ALTER TABLE `auth_user` DISABLE KEYS */;
INSERT INTO `auth_user` VALUES (1,'pbkdf2_sha256$870000$I3edtH3bfzblcVDGhrNY03$GjP5FLvDL3Oz2PE0YrRXysZ0JIevll27CSGEQ4IFn90=','2024-12-31 00:22:49.364815',1,'bryan','','','',1,1,'2024-11-24 11:54:52.656722'),(2,'!FBc7qAQ11wh5w8oTa4ngeHKfDRGDipASiiHL41uu','2025-01-06 12:38:29.784566',0,'bryanantier7','Bryan','Antier','bryanantier7@gmail.com',0,1,'2024-11-02 11:55:29.000000'),(3,'!TIALr3EqSfhXxBkMCW4Xpsqwb3OY4jQsYUK0cv1A','2024-12-11 11:12:12.022389',0,'bryanthegamer2017','Bryan','Antier','bryanthegamer2017@gmail.com',0,1,'2024-11-24 11:55:42.542233'),(4,'!daEAntNdB3OTjjIYW9jZ79OqRSwlMp1csTKR0Cot','2024-11-28 10:18:15.900837',0,'bryan.antier','bryan','antier','bryan.antier@ctu.edu.ph',0,1,'2024-11-24 11:56:15.720982');
/*!40000 ALTER TABLE `auth_user` ENABLE KEYS */;
UNLOCK TABLES;

--
-- Table structure for table `auth_user_groups`
--

DROP TABLE IF EXISTS `auth_user_groups`;
/*!40101 SET @saved_cs_client     = @@character_set_client */;
/*!50503 SET character_set_client = utf8mb4 */;
CREATE TABLE `auth_user_groups` (
  `id` bigint NOT NULL AUTO_INCREMENT,
  `user_id` int NOT NULL,
  `group_id` int NOT NULL,
  PRIMARY KEY (`id`),
  UNIQUE KEY `auth_user_groups_user_id_group_id_94350c0c_uniq` (`user_id`,`group_id`),
  KEY `auth_user_groups_group_id_97559544_fk_auth_group_id` (`group_id`),
  CONSTRAINT `auth_user_groups_group_id_97559544_fk_auth_group_id` FOREIGN KEY (`group_id`) REFERENCES `auth_group` (`id`),
  CONSTRAINT `auth_user_groups_user_id_6a12ed8b_fk_auth_user_id` FOREIGN KEY (`user_id`) REFERENCES `auth_user` (`id`)
) ENGINE=InnoDB DEFAULT CHARSET=utf8mb4 COLLATE=utf8mb4_0900_ai_ci;
/*!40101 SET character_set_client = @saved_cs_client */;

--
-- Dumping data for table `auth_user_groups`
--

LOCK TABLES `auth_user_groups` WRITE;
/*!40000 ALTER TABLE `auth_user_groups` DISABLE KEYS */;
/*!40000 ALTER TABLE `auth_user_groups` ENABLE KEYS */;
UNLOCK TABLES;

--
-- Table structure for table `auth_user_user_permissions`
--

DROP TABLE IF EXISTS `auth_user_user_permissions`;
/*!40101 SET @saved_cs_client     = @@character_set_client */;
/*!50503 SET character_set_client = utf8mb4 */;
CREATE TABLE `auth_user_user_permissions` (
  `id` bigint NOT NULL AUTO_INCREMENT,
  `user_id` int NOT NULL,
  `permission_id` int NOT NULL,
  PRIMARY KEY (`id`),
  UNIQUE KEY `auth_user_user_permissions_user_id_permission_id_14a6b632_uniq` (`user_id`,`permission_id`),
  KEY `auth_user_user_permi_permission_id_1fbb5f2c_fk_auth_perm` (`permission_id`),
  CONSTRAINT `auth_user_user_permi_permission_id_1fbb5f2c_fk_auth_perm` FOREIGN KEY (`permission_id`) REFERENCES `auth_permission` (`id`),
  CONSTRAINT `auth_user_user_permissions_user_id_a95ead1b_fk_auth_user_id` FOREIGN KEY (`user_id`) REFERENCES `auth_user` (`id`)
) ENGINE=InnoDB DEFAULT CHARSET=utf8mb4 COLLATE=utf8mb4_0900_ai_ci;
/*!40101 SET character_set_client = @saved_cs_client */;

--
-- Dumping data for table `auth_user_user_permissions`
--

LOCK TABLES `auth_user_user_permissions` WRITE;
/*!40000 ALTER TABLE `auth_user_user_permissions` DISABLE KEYS */;
/*!40000 ALTER TABLE `auth_user_user_permissions` ENABLE KEYS */;
UNLOCK TABLES;

--
-- Table structure for table `django_admin_log`
--

DROP TABLE IF EXISTS `django_admin_log`;
/*!40101 SET @saved_cs_client     = @@character_set_client */;
/*!50503 SET character_set_client = utf8mb4 */;
CREATE TABLE `django_admin_log` (
  `id` int NOT NULL AUTO_INCREMENT,
  `action_time` datetime(6) NOT NULL,
  `object_id` longtext,
  `object_repr` varchar(200) NOT NULL,
  `action_flag` smallint unsigned NOT NULL,
  `change_message` longtext NOT NULL,
  `content_type_id` int DEFAULT NULL,
  `user_id` int NOT NULL,
  PRIMARY KEY (`id`),
  KEY `django_admin_log_content_type_id_c4bce8eb_fk_django_co` (`content_type_id`),
  KEY `django_admin_log_user_id_c564eba6_fk_auth_user_id` (`user_id`),
  CONSTRAINT `django_admin_log_content_type_id_c4bce8eb_fk_django_co` FOREIGN KEY (`content_type_id`) REFERENCES `django_content_type` (`id`),
  CONSTRAINT `django_admin_log_user_id_c564eba6_fk_auth_user_id` FOREIGN KEY (`user_id`) REFERENCES `auth_user` (`id`),
  CONSTRAINT `django_admin_log_chk_1` CHECK ((`action_flag` >= 0))
) ENGINE=InnoDB AUTO_INCREMENT=101 DEFAULT CHARSET=utf8mb4 COLLATE=utf8mb4_0900_ai_ci;
/*!40101 SET character_set_client = @saved_cs_client */;

--
-- Dumping data for table `django_admin_log`
--

LOCK TABLES `django_admin_log` WRITE;
/*!40000 ALTER TABLE `django_admin_log` DISABLE KEYS */;
INSERT INTO `django_admin_log` VALUES (1,'2024-11-24 12:18:30.483792','3','TestHistory object (3)',3,'',5,1),(2,'2024-11-24 12:18:30.483840','2','TestHistory object (2)',3,'',5,1),(3,'2024-11-24 12:18:30.483866','1','TestHistory object (1)',3,'',5,1),(4,'2024-11-24 12:20:28.832287','4','TestHistory object (4)',3,'',5,1),(5,'2024-11-24 12:38:42.833481','17','TestHistory object (17)',3,'',5,1),(6,'2024-11-24 12:38:42.833531','16','TestHistory object (16)',3,'',5,1),(7,'2024-11-24 12:38:42.833559','15','TestHistory object (15)',3,'',5,1),(8,'2024-11-24 12:38:42.833583','14','TestHistory object (14)',3,'',5,1),(9,'2024-11-24 12:38:42.833606','13','TestHistory object (13)',3,'',5,1),(10,'2024-11-24 12:38:42.833629','12','TestHistory object (12)',3,'',5,1),(11,'2024-11-24 12:38:42.833652','11','TestHistory object (11)',3,'',5,1),(12,'2024-11-24 12:38:42.833689','10','TestHistory object (10)',3,'',5,1),(13,'2024-11-24 12:38:42.833718','9','TestHistory object (9)',3,'',5,1),(14,'2024-11-24 12:38:42.833741','8','TestHistory object (8)',3,'',5,1),(15,'2024-11-24 12:38:42.833763','7','TestHistory object (7)',3,'',5,1),(16,'2024-11-24 12:38:42.833786','6','TestHistory object (6)',3,'',5,1),(17,'2024-11-24 12:38:42.833808','5','TestHistory object (5)',3,'',5,1),(18,'2024-11-24 12:38:55.722379','2','bsitTypeingMasterPlayers object (2)',3,'',4,1),(19,'2024-11-24 12:38:55.722423','1','bsitTypeingMasterPlayers object (1)',3,'',4,1),(20,'2024-11-24 12:39:18.240862','3','bsitTypeingMasterPlayers object (3)',3,'',4,1),(21,'2024-12-01 06:06:57.773806','3','UserSettings object (3)',2,'[{\"changed\": {\"fields\": [\"Exp\"]}}]',1,1),(22,'2024-12-01 06:07:12.072916','3','UserSettings object (3)',2,'[{\"changed\": {\"fields\": [\"Exp\"]}}]',1,1),(23,'2024-12-01 06:07:18.883681','1','UserSettings object (1)',2,'[{\"changed\": {\"fields\": [\"Exp\"]}}]',1,1),(24,'2024-12-01 06:08:46.460911','2','UserSettings object (2)',2,'[{\"changed\": {\"fields\": [\"Exp\"]}}]',1,1),(25,'2024-12-01 06:08:57.425308','1','UserSettings object (1)',2,'[{\"changed\": {\"fields\": [\"Exp\"]}}]',1,1),(26,'2024-12-01 06:09:12.167128','1','UserSettings object (1)',2,'[{\"changed\": {\"fields\": [\"Exp\"]}}]',1,1),(27,'2024-12-01 06:42:18.491357','1','UserSettings object (1)',2,'[{\"changed\": {\"fields\": [\"Exp\"]}}]',1,1),(28,'2024-12-01 06:46:26.008537','1','UserSettings object (1)',2,'[{\"changed\": {\"fields\": [\"Exp\"]}}]',1,1),(29,'2024-12-01 06:51:41.306675','2','UserSettings object (2)',2,'[{\"changed\": {\"fields\": [\"Exp\"]}}]',1,1),(30,'2024-12-01 06:51:46.343932','1','UserSettings object (1)',2,'[{\"changed\": {\"fields\": [\"Exp\"]}}]',1,1),(31,'2024-12-01 06:53:06.279871','1','UserSettings object (1)',2,'[{\"changed\": {\"fields\": [\"Exp\"]}}]',1,1),(32,'2024-12-01 06:54:36.185575','1','UserSettings object (1)',2,'[{\"changed\": {\"fields\": [\"Exp\"]}}]',1,1),(33,'2024-12-01 06:54:57.401487','1','UserSettings object (1)',2,'[{\"changed\": {\"fields\": [\"Exp\"]}}]',1,1),(34,'2024-12-01 06:55:15.184545','1','UserSettings object (1)',2,'[{\"changed\": {\"fields\": [\"Exp\"]}}]',1,1),(35,'2024-12-01 06:55:17.996103','2','UserSettings object (2)',2,'[{\"changed\": {\"fields\": [\"Exp\"]}}]',1,1),(36,'2024-12-01 11:25:30.162040','2','bryanantier7',2,'[{\"changed\": {\"fields\": [\"Date joined\"]}}]',9,1),(37,'2024-12-04 02:16:31.313395','83','TestHistory object (83)',3,'',5,1),(38,'2024-12-04 02:16:31.313634','82','TestHistory object (82)',3,'',5,1),(39,'2024-12-07 03:41:51.790690','1','achivement object (1)',1,'[{\"added\": {}}]',17,1),(40,'2024-12-07 04:02:50.938886','1','achivement object (1)',3,'',17,1),(41,'2024-12-07 04:30:50.308502','1','achivement object (1)',1,'[{\"added\": {}}]',17,1),(42,'2024-12-30 06:51:56.930033','1','UserSettings object (1)',2,'[{\"changed\": {\"fields\": [\"Exp\"]}}]',1,1),(43,'2024-12-30 06:53:14.293492','1','UserSettings object (1)',2,'[{\"changed\": {\"fields\": [\"Exp\"]}}]',1,1),(44,'2024-12-30 06:54:29.689302','1','UserSettings object (1)',2,'[{\"changed\": {\"fields\": [\"Exp\"]}}]',1,1),(45,'2024-12-30 06:55:09.515468','1','UserSettings object (1)',2,'[{\"changed\": {\"fields\": [\"Exp\"]}}]',1,1),(46,'2024-12-30 06:56:20.805931','1','UserSettings object (1)',2,'[{\"changed\": {\"fields\": [\"Exp\"]}}]',1,1),(47,'2024-12-30 06:58:32.939005','1','UserSettings object (1)',2,'[{\"changed\": {\"fields\": [\"Exp\"]}}]',1,1),(48,'2024-12-30 07:08:36.792932','1','UserSettings object (1)',2,'[{\"changed\": {\"fields\": [\"Exp\"]}}]',1,1),(49,'2024-12-30 07:11:27.252435','1','UserSettings object (1)',2,'[{\"changed\": {\"fields\": [\"Exp\"]}}]',1,1),(50,'2024-12-30 07:12:51.598174','1','UserSettings object (1)',2,'[{\"changed\": {\"fields\": [\"Exp\"]}}]',1,1),(51,'2024-12-30 07:15:41.331370','1','UserSettings object (1)',2,'[{\"changed\": {\"fields\": [\"Exp\"]}}]',1,1),(52,'2024-12-30 07:18:24.999282','1','UserSettings object (1)',2,'[{\"changed\": {\"fields\": [\"Exp\"]}}]',1,1),(53,'2024-12-30 07:19:34.552415','1','UserSettings object (1)',2,'[{\"changed\": {\"fields\": [\"Exp\"]}}]',1,1),(54,'2024-12-30 07:21:55.445616','1','PlayerAchivements object (1)',3,'',18,1),(55,'2024-12-30 07:23:03.520580','1','UserSettings object (1)',2,'[{\"changed\": {\"fields\": [\"Exp\"]}}]',1,1),(56,'2024-12-30 08:29:12.367455','1','UserSettings object (1)',2,'[{\"changed\": {\"fields\": [\"Exp\"]}}]',1,1),(57,'2024-12-30 08:29:18.548809','2','PlayerAchivements object (2)',3,'',18,1),(58,'2024-12-30 08:31:35.369887','2','achivement object (2)',1,'[{\"added\": {}}]',17,1),(59,'2024-12-30 08:31:53.648965','2','achivement object (2)',2,'[{\"changed\": {\"fields\": [\"Description\"]}}]',17,1),(60,'2024-12-30 08:32:01.447980','2','achivement object (2)',2,'[{\"changed\": {\"fields\": [\"Description\"]}}]',17,1),(61,'2024-12-30 08:32:55.010012','1','UserSettings object (1)',2,'[{\"changed\": {\"fields\": [\"Exp\"]}}]',1,1),(62,'2024-12-30 08:33:07.470130','1','UserSettings object (1)',2,'[{\"changed\": {\"fields\": [\"Exp\"]}}]',1,1),(63,'2024-12-30 08:33:20.094181','1','UserSettings object (1)',2,'[{\"changed\": {\"fields\": [\"Exp\"]}}]',1,1),(64,'2024-12-30 08:33:32.747645','1','UserSettings object (1)',2,'[{\"changed\": {\"fields\": [\"Exp\"]}}]',1,1),(65,'2024-12-30 08:33:44.333852','1','UserSettings object (1)',2,'[{\"changed\": {\"fields\": [\"Exp\"]}}]',1,1),(66,'2024-12-30 08:33:59.032810','1','UserSettings object (1)',2,'[{\"changed\": {\"fields\": [\"Exp\"]}}]',1,1),(67,'2024-12-30 08:34:15.038034','1','UserSettings object (1)',2,'[{\"changed\": {\"fields\": [\"Exp\"]}}]',1,1),(68,'2024-12-30 08:34:25.772390','1','UserSettings object (1)',2,'[{\"changed\": {\"fields\": [\"Exp\"]}}]',1,1),(69,'2024-12-30 08:48:05.771955','3','achivement object (3)',1,'[{\"added\": {}}]',17,1),(70,'2024-12-30 10:59:41.108572','2','achivement object (2)',2,'[{\"changed\": {\"fields\": [\"Title\"]}}]',17,1),(71,'2024-12-30 11:45:55.841005','3','achivement object (3)',2,'[{\"changed\": {\"fields\": [\"Description\", \"Condition\", \"Value\"]}}]',17,1),(72,'2024-12-30 12:51:41.973137','3','achivement object (3)',2,'[{\"changed\": {\"fields\": [\"Condition\"]}}]',17,1),(73,'2024-12-30 13:03:53.497296','3','achivement object (3)',2,'[{\"changed\": {\"fields\": [\"Value\"]}}]',17,1),(74,'2024-12-30 13:05:28.856649','3','achivement object (3)',2,'[{\"changed\": {\"fields\": [\"Value\"]}}]',17,1),(75,'2024-12-31 00:23:12.946439','5','PlayerAchivements object (5)',3,'',18,1),(76,'2024-12-31 00:23:12.946491','4','PlayerAchivements object (4)',3,'',18,1),(77,'2024-12-31 00:23:12.946520','3','PlayerAchivements object (3)',3,'',18,1),(78,'2024-12-31 00:23:21.567045','1','UserSettings object (1)',2,'[{\"changed\": {\"fields\": [\"Exp\"]}}]',1,1),(79,'2024-12-31 00:24:46.847380','1','UserSettings object (1)',2,'[{\"changed\": {\"fields\": [\"Exp\"]}}]',1,1),(80,'2024-12-31 00:25:44.783805','1','UserSettings object (1)',2,'[{\"changed\": {\"fields\": [\"Exp\"]}}]',1,1),(81,'2024-12-31 00:35:29.513893','1','achivement object (1)',2,'[{\"changed\": {\"fields\": [\"Achivement image\"]}}]',17,1),(82,'2024-12-31 00:38:14.316156','6','PlayerAchivements object (6)',3,'',18,1),(83,'2024-12-31 00:38:23.620476','1','UserSettings object (1)',2,'[{\"changed\": {\"fields\": [\"Exp\"]}}]',1,1),(84,'2024-12-31 00:40:09.442418','1','UserSettings object (1)',2,'[{\"changed\": {\"fields\": [\"Exp\"]}}]',1,1),(85,'2024-12-31 00:40:15.607642','7','PlayerAchivements object (7)',3,'',18,1),(86,'2024-12-31 00:44:54.050719','1','achivement object (1)',2,'[{\"changed\": {\"fields\": [\"Achivement image\"]}}]',17,1),(87,'2024-12-31 00:45:10.035012','2','achivement object (2)',2,'[{\"changed\": {\"fields\": [\"Achivement image\"]}}]',17,1),(88,'2024-12-31 00:55:50.311100','3','achivement object (3)',2,'[{\"changed\": {\"fields\": [\"Title\"]}}]',17,1),(89,'2024-12-31 00:56:55.548229','3','achivement object (3)',2,'[{\"changed\": {\"fields\": [\"Achivement image\"]}}]',17,1),(90,'2024-12-31 01:07:54.197013','8','PlayerAchivements object (8)',3,'',18,1),(91,'2024-12-31 01:08:11.741204','9','PlayerAchivements object (9)',3,'',18,1),(92,'2024-12-31 01:08:27.105544','1','UserSettings object (1)',2,'[{\"changed\": {\"fields\": [\"Exp\"]}}]',1,1),(93,'2024-12-31 01:10:55.827313','1','UserSettings object (1)',2,'[{\"changed\": {\"fields\": [\"Exp\"]}}]',1,1),(94,'2024-12-31 01:11:18.452622','11','PlayerAchivements object (11)',3,'',18,1),(95,'2024-12-31 01:11:33.928826','10','PlayerAchivements object (10)',3,'',18,1),(96,'2024-12-31 08:47:16.904033','4','achivement object (4)',1,'[{\"added\": {}}]',17,1),(97,'2024-12-31 08:55:33.679089','14','PlayerAchivements object (14)',3,'',18,1),(98,'2024-12-31 09:09:43.094744','5','achivement object (5)',1,'[{\"added\": {}}]',17,1),(99,'2024-12-31 09:10:27.447264','5','achivement object (5)',2,'[{\"changed\": {\"fields\": [\"Achivement image\"]}}]',17,1),(100,'2024-12-31 09:11:04.437252','5','achivement object (5)',2,'[{\"changed\": {\"fields\": [\"Achivement image\"]}}]',17,1);
/*!40000 ALTER TABLE `django_admin_log` ENABLE KEYS */;
UNLOCK TABLES;

--
-- Table structure for table `django_content_type`
--

DROP TABLE IF EXISTS `django_content_type`;
/*!40101 SET @saved_cs_client     = @@character_set_client */;
/*!50503 SET character_set_client = utf8mb4 */;
CREATE TABLE `django_content_type` (
  `id` int NOT NULL AUTO_INCREMENT,
  `app_label` varchar(100) NOT NULL,
  `model` varchar(100) NOT NULL,
  PRIMARY KEY (`id`),
  UNIQUE KEY `django_content_type_app_label_model_76bd3d3b_uniq` (`app_label`,`model`)
) ENGINE=InnoDB AUTO_INCREMENT=19 DEFAULT CHARSET=utf8mb4 COLLATE=utf8mb4_0900_ai_ci;
/*!40101 SET character_set_client = @saved_cs_client */;

--
-- Dumping data for table `django_content_type`
--

LOCK TABLES `django_content_type` WRITE;
/*!40000 ALTER TABLE `django_content_type` DISABLE KEYS */;
INSERT INTO `django_content_type` VALUES (6,'admin','logentry'),(8,'auth','group'),(7,'auth','permission'),(9,'auth','user'),(10,'contenttypes','contenttype'),(11,'sessions','session'),(12,'social_django','association'),(13,'social_django','code'),(14,'social_django','nonce'),(16,'social_django','partial'),(15,'social_django','usersocialauth'),(17,'type_master','achivement'),(4,'type_master','bsittypeingmasterplayers'),(3,'type_master','bsittypingmaster'),(18,'type_master','playerachivements'),(5,'type_master','testhistory'),(1,'type_master','usersettings'),(2,'type_master','word');
/*!40000 ALTER TABLE `django_content_type` ENABLE KEYS */;
UNLOCK TABLES;

--
-- Table structure for table `django_migrations`
--

DROP TABLE IF EXISTS `django_migrations`;
/*!40101 SET @saved_cs_client     = @@character_set_client */;
/*!50503 SET character_set_client = utf8mb4 */;
CREATE TABLE `django_migrations` (
  `id` bigint NOT NULL AUTO_INCREMENT,
  `app` varchar(255) NOT NULL,
  `name` varchar(255) NOT NULL,
  `applied` datetime(6) NOT NULL,
  PRIMARY KEY (`id`)
) ENGINE=InnoDB AUTO_INCREMENT=52 DEFAULT CHARSET=utf8mb4 COLLATE=utf8mb4_0900_ai_ci;
/*!40101 SET character_set_client = @saved_cs_client */;

--
-- Dumping data for table `django_migrations`
--

LOCK TABLES `django_migrations` WRITE;
/*!40000 ALTER TABLE `django_migrations` DISABLE KEYS */;
INSERT INTO `django_migrations` VALUES (1,'contenttypes','0001_initial','2024-11-24 11:50:29.925265'),(2,'auth','0001_initial','2024-11-24 11:50:31.662969'),(3,'admin','0001_initial','2024-11-24 11:50:32.043920'),(4,'admin','0002_logentry_remove_auto_add','2024-11-24 11:50:32.060399'),(5,'admin','0003_logentry_add_action_flag_choices','2024-11-24 11:50:32.079827'),(6,'contenttypes','0002_remove_content_type_name','2024-11-24 11:50:32.265390'),(7,'auth','0002_alter_permission_name_max_length','2024-11-24 11:50:32.438085'),(8,'auth','0003_alter_user_email_max_length','2024-11-24 11:50:32.491182'),(9,'auth','0004_alter_user_username_opts','2024-11-24 11:50:32.513383'),(10,'auth','0005_alter_user_last_login_null','2024-11-24 11:50:32.658747'),(11,'auth','0006_require_contenttypes_0002','2024-11-24 11:50:32.668980'),(12,'auth','0007_alter_validators_add_error_messages','2024-11-24 11:50:32.686384'),(13,'auth','0008_alter_user_username_max_length','2024-11-24 11:50:32.847686'),(14,'auth','0009_alter_user_last_name_max_length','2024-11-24 11:50:33.023960'),(15,'auth','0010_alter_group_name_max_length','2024-11-24 11:50:33.070069'),(16,'auth','0011_update_proxy_permissions','2024-11-24 11:50:33.092139'),(17,'auth','0012_alter_user_first_name_max_length','2024-11-24 11:50:33.255600'),(18,'sessions','0001_initial','2024-11-24 11:50:33.378868'),(19,'default','0001_initial','2024-11-24 11:50:33.977742'),(20,'social_auth','0001_initial','2024-11-24 11:50:33.987207'),(21,'default','0002_add_related_name','2024-11-24 11:50:34.007755'),(22,'social_auth','0002_add_related_name','2024-11-24 11:50:34.017825'),(23,'default','0003_alter_email_max_length','2024-11-24 11:50:34.047868'),(24,'social_auth','0003_alter_email_max_length','2024-11-24 11:50:34.056497'),(25,'default','0004_auto_20160423_0400','2024-11-24 11:50:34.074625'),(26,'social_auth','0004_auto_20160423_0400','2024-11-24 11:50:34.083318'),(27,'social_auth','0005_auto_20160727_2333','2024-11-24 11:50:34.131687'),(28,'social_django','0006_partial','2024-11-24 11:50:34.240178'),(29,'social_django','0007_code_timestamp','2024-11-24 11:50:34.348473'),(30,'social_django','0008_partial_timestamp','2024-11-24 11:50:34.457295'),(31,'social_django','0009_auto_20191118_0520','2024-11-24 11:50:34.598490'),(32,'social_django','0010_uid_db_index','2024-11-24 11:50:34.658267'),(33,'social_django','0011_alter_id_fields','2024-11-24 11:50:35.445417'),(34,'social_django','0012_usersocialauth_extra_data_new','2024-11-24 11:50:35.781844'),(35,'social_django','0013_migrate_extra_data','2024-11-24 11:50:35.808056'),(36,'social_django','0014_remove_usersocialauth_extra_data','2024-11-24 11:50:35.916569'),(37,'social_django','0015_rename_extra_data_new_usersocialauth_extra_data','2024-11-24 11:50:36.013973'),(38,'social_django','0016_alter_usersocialauth_extra_data','2024-11-24 11:50:36.030641'),(39,'type_master','0001_initial','2024-11-24 11:50:37.241551'),(40,'social_django','0004_auto_20160423_0400','2024-11-24 11:50:37.252364'),(41,'social_django','0005_auto_20160727_2333','2024-11-24 11:50:37.261352'),(42,'social_django','0001_initial','2024-11-24 11:50:37.271089'),(43,'social_django','0002_add_related_name','2024-11-24 11:50:37.280390'),(44,'social_django','0003_alter_email_max_length','2024-11-24 11:50:37.289503'),(45,'type_master','0002_bsittypeingmasterplayers_is_can_play','2024-11-28 10:41:27.827972'),(46,'type_master','0003_usersettings_exp','2024-12-01 04:26:21.050158'),(48,'type_master','0004_achivement','2024-12-07 04:27:33.394458'),(49,'type_master','0005_remove_achivement_is_done','2024-12-07 09:13:38.581195'),(50,'type_master','0006_playerachivements','2024-12-07 09:20:34.177340'),(51,'type_master','0007_achivement_achivement_image','2024-12-31 00:33:56.714858');
/*!40000 ALTER TABLE `django_migrations` ENABLE KEYS */;
UNLOCK TABLES;

--
-- Table structure for table `django_session`
--

DROP TABLE IF EXISTS `django_session`;
/*!40101 SET @saved_cs_client     = @@character_set_client */;
/*!50503 SET character_set_client = utf8mb4 */;
CREATE TABLE `django_session` (
  `session_key` varchar(40) NOT NULL,
  `session_data` longtext NOT NULL,
  `expire_date` datetime(6) NOT NULL,
  PRIMARY KEY (`session_key`),
  KEY `django_session_expire_date_a5c62663` (`expire_date`)
) ENGINE=InnoDB DEFAULT CHARSET=utf8mb4 COLLATE=utf8mb4_0900_ai_ci;
/*!40101 SET character_set_client = @saved_cs_client */;

--
-- Dumping data for table `django_session`
--

LOCK TABLES `django_session` WRITE;
/*!40000 ALTER TABLE `django_session` DISABLE KEYS */;
INSERT INTO `django_session` VALUES ('16bw32n9dcz0yslkzvxtseesr40mo07m','.eJxVjEEOwiAQRe_C2hDoQBlcuvcMZBhAqoYmpV0Z765NutDtf-_9lwi0rTVsPS9hSuIstDj9bpH4kdsO0p3abZY8t3WZotwVedAur3PKz8vh_h1U6vVbR6WzHlWhAZThgQ0zphw9WizGIBYATwUNRnbOKwc6wVggWWczgS7i_QHe8zev:1tIew5:suCB1JeDrk5FbMnSfqcR01RAScx12upKoB50kVXB4d4','2024-12-18 02:16:17.560061'),('5ib2yan8nb6fnuipauri6wcta067ompw','.eJxVjEEOwiAQRe_C2hDoQBlcuvcMZBhAqoYmpV0Z765NutDtf-_9lwi0rTVsPS9hSuIstDj9bpH4kdsO0p3abZY8t3WZotwVedAur3PKz8vh_h1U6vVbR6WzHlWhAZThgQ0zphw9WizGIBYATwUNRnbOKwc6wVggWWczgS7i_QHe8zev:1tHbjD:fuKX-UGagrHfTocrKgG1yPhD_0DWTzzJI0OAhUm8PTQ','2024-12-15 04:38:39.328297'),('5mmqi7rpdd6jwiigyoiztazruasej1q2','.eJxVjEEOwiAQRe_C2hDoQBlcuvcMZBhAqoYmpV0Z765NutDtf-_9lwi0rTVsPS9hSuIstDj9bpH4kdsO0p3abZY8t3WZotwVedAur3PKz8vh_h1U6vVbR6WzHlWhAZThgQ0zphw9WizGIBYATwUNRnbOKwc6wVggWWczgS7i_QHe8zev:1tGbfx:jnnSdfeI7tAFB6_FusEqnXlggN4lDbN2UTAOCm7T0Bo','2024-12-12 10:23:09.288594'),('6motsliwcede27z3bx3bjc9owitutdq8','.eJxVjEEOwiAQRe_C2hDoQBlcuvcMZBhAqoYmpV0Z765NutDtf-_9lwi0rTVsPS9hSuIstDj9bpH4kdsO0p3abZY8t3WZotwVedAur3PKz8vh_h1U6vVbR6WzHlWhAZThgQ0zphw9WizGIBYATwUNRnbOKwc6wVggWWczgS7i_QHe8zev:1tFBCc:GUxYy2WhzQ_DkTfscAcS5Ptm7PaCFo6Fb2D3lob09Jg','2024-12-08 11:54:58.028335'),('7kvoknbf07dflm3s0ba95d4bnjpy8hak','.eJxVkMsKwjAQRf8lay15SVN3IiIiwYUVl2GSTh9aGjDtQsV_t61d2NXAHc49w7xJ4X1R49JD15bchBZaJGuyaS5VelXnsE3UTt9uSh6o1q9jGtLnXuuCLIgZCNMFfJgq6xExzyy4OzbDInhXQW2cf2A0pSH6aaP9OE6bQT7nSwhlDyNVgnGBzGYrxx1aSzNu6UpKBTmDjAobO6soCE6VYlKgzKVkjktwiYjjvnTyj9U1hNbUvqiavwNnLyCfL0xwXB4:1tLKdY:UieBz6bKxkQyKaWOtkY5EBpUydKS_1No5WC2vkZ7Cac','2024-12-25 11:12:12.034301'),('9x4lg1weo36u8emdg1zz6ngeqhnb4rv4','.eJxVjEEOwiAQRe_C2hDoQBlcuvcMZBhAqoYmpV0Z765NutDtf-_9lwi0rTVsPS9hSuIstDj9bpH4kdsO0p3abZY8t3WZotwVedAur3PKz8vh_h1U6vVbR6WzHlWhAZThgQ0zphw9WizGIBYATwUNRnbOKwc6wVggWWczgS7i_QHe8zev:1tJlgq:NJJG3v-oeJGh2GTLzO4Pe8RiRefGq3K1Ss101_ILpM0','2024-12-21 03:41:08.068503'),('a0senhptlvfh7voczq5a2qh0y6rqaka9','.eJxVkMsOgjAQRf-layUM0lLcEU3UhaALN26a6YNHbGhCwcQY_11QF7Ka5E7OPZN5ksq5ypqlw6GvI-F77A1ZE9-V-3MenVid8uxwaW1XXDdye4_L6viAPCYLIiZCDN50otEjEs0ziepm2mnhnWrQCuU6E_xSH3y1we4zimySz_kafT3CySouNQeISow1T0NqGEUlIWQIIIFrIw2FhCdSS4Up14pTwJDJkFGq1VT683-qLfpeWFc17d-BsxeQ1xuDO1y5:1tUmNJ:e7QDLpcdkebvBN_59VHDGmgvflYDUVXw12MgKLeJxKs','2025-01-20 12:38:29.793970'),('cvcsw5eq0uj7gyswi2ctpmh8ufmi0pn0','.eJxVkMsKwjAQRf8lay2d2rTRnS58IChC8bUJk0cftjbYtIiK_65VF3Y1cIdzzzAPkhiTFLpvsKlTj9saa01GZMMqXy7vU3o5LnyIwt32NN_f89W1PJyjya0hPcJbgjdWVzxTb8TrZgJlrst2YY3MsODSVNr5pdb5ap3ZZ6zHrbzLp2jTNxwO_FgxAC9GX7GhS3VAUQpwAwQQwJQWmkLIQqGExCFTklFANxBuQKmSbenP_6ku0Na8MElW_h3YeQF5vgDtN104:1tHiHS:JFIawJ4UFGB228Sp-292mW5r5iV7V6Q9bUl0_ZmBYzI','2024-12-15 11:38:26.279004'),('dw369ciu8dqpzc9vgozunq428w3crzbe','.eJxVkLsOwjAMRf8lM1R5VQ1sIAETzwGxRU5i2orQlKaIAfHvtMBAJ0vXOvdYfpI8hNzjOMC9LbiOLbRIpmTBw353U5vaz13GZqsGD-u6VI_ldfk41vMTGRHdE_oesdGl6xAxzAzYC1b9IgZbgtc2NJj80ph8tcnqM7azXj7kC4hFByNVgnGBzLjUcovGUMcNTaVUcGbgqDCZNYqC4FQpJgXKs5TMcgl2IrKsK_35P9UeYqt9yMvq78DBC8jrDa-PXIw:1tFBDK:qm0M79ejqHxTd7J_pQLgGPElKaP5-UWh3SYwGp7IhyI','2024-12-08 11:55:42.611844'),('g9keutz56ozd5ntz786xif0mh2zrq1j9','.eJxVjEEOwiAQRe_C2hDoQBlcuvcMZBhAqoYmpV0Z765NutDtf-_9lwi0rTVsPS9hSuIstDj9bpH4kdsO0p3abZY8t3WZotwVedAur3PKz8vh_h1U6vVbR6WzHlWhAZThgQ0zphw9WizGIBYATwUNRnbOKwc6wVggWWczgS7i_QHe8zev:1tSQ25:Hev_gtRws_b-s2jm_jJs5mymKVzrmYhaUI3T711D5hM','2025-01-14 00:22:49.376037'),('lmdm4kycm6s39rp03op7jrwq5icxdgwv','eyJnb29nbGUtb2F1dGgyX3N0YXRlIjoiUXJrNDg0VVBubVhWcE1uaklnamE1WTB6cmZOcWVEMEsifQ:1tIjcK:0j_yKgfk-R-8xU5XcbJbWlKDCvXTyNAGBXcRzeZVQ0o','2024-12-18 07:16:12.231565'),('z838zdux3krubunoxdup0kifr9idwt67','.eJxVjEEOwiAQRe_C2hDoQBlcuvcMZBhAqoYmpV0Z765NutDtf-_9lwi0rTVsPS9hSuIstDj9bpH4kdsO0p3abZY8t3WZotwVedAur3PKz8vh_h1U6vVbR6WzHlWhAZThgQ0zphw9WizGIBYATwUNRnbOKwc6wVggWWczgS7i_QHe8zev:1tS99x:Jt6i0a3ad0lEuMAEFM-z4aqHaOathv15SvRiFCdmV8k','2025-01-13 06:21:49.621634');
/*!40000 ALTER TABLE `django_session` ENABLE KEYS */;
UNLOCK TABLES;

--
-- Table structure for table `social_auth_association`
--

DROP TABLE IF EXISTS `social_auth_association`;
/*!40101 SET @saved_cs_client     = @@character_set_client */;
/*!50503 SET character_set_client = utf8mb4 */;
CREATE TABLE `social_auth_association` (
  `id` bigint NOT NULL AUTO_INCREMENT,
  `server_url` varchar(255) NOT NULL,
  `handle` varchar(255) NOT NULL,
  `secret` varchar(255) NOT NULL,
  `issued` int NOT NULL,
  `lifetime` int NOT NULL,
  `assoc_type` varchar(64) NOT NULL,
  PRIMARY KEY (`id`),
  UNIQUE KEY `social_auth_association_server_url_handle_078befa2_uniq` (`server_url`,`handle`)
) ENGINE=InnoDB DEFAULT CHARSET=utf8mb4 COLLATE=utf8mb4_0900_ai_ci;
/*!40101 SET character_set_client = @saved_cs_client */;

--
-- Dumping data for table `social_auth_association`
--

LOCK TABLES `social_auth_association` WRITE;
/*!40000 ALTER TABLE `social_auth_association` DISABLE KEYS */;
/*!40000 ALTER TABLE `social_auth_association` ENABLE KEYS */;
UNLOCK TABLES;

--
-- Table structure for table `social_auth_code`
--

DROP TABLE IF EXISTS `social_auth_code`;
/*!40101 SET @saved_cs_client     = @@character_set_client */;
/*!50503 SET character_set_client = utf8mb4 */;
CREATE TABLE `social_auth_code` (
  `id` bigint NOT NULL AUTO_INCREMENT,
  `email` varchar(254) NOT NULL,
  `code` varchar(32) NOT NULL,
  `verified` tinyint(1) NOT NULL,
  `timestamp` datetime(6) NOT NULL,
  PRIMARY KEY (`id`),
  UNIQUE KEY `social_auth_code_email_code_801b2d02_uniq` (`email`,`code`),
  KEY `social_auth_code_code_a2393167` (`code`),
  KEY `social_auth_code_timestamp_176b341f` (`timestamp`)
) ENGINE=InnoDB DEFAULT CHARSET=utf8mb4 COLLATE=utf8mb4_0900_ai_ci;
/*!40101 SET character_set_client = @saved_cs_client */;

--
-- Dumping data for table `social_auth_code`
--

LOCK TABLES `social_auth_code` WRITE;
/*!40000 ALTER TABLE `social_auth_code` DISABLE KEYS */;
/*!40000 ALTER TABLE `social_auth_code` ENABLE KEYS */;
UNLOCK TABLES;

--
-- Table structure for table `social_auth_nonce`
--

DROP TABLE IF EXISTS `social_auth_nonce`;
/*!40101 SET @saved_cs_client     = @@character_set_client */;
/*!50503 SET character_set_client = utf8mb4 */;
CREATE TABLE `social_auth_nonce` (
  `id` bigint NOT NULL AUTO_INCREMENT,
  `server_url` varchar(255) NOT NULL,
  `timestamp` int NOT NULL,
  `salt` varchar(65) NOT NULL,
  PRIMARY KEY (`id`),
  UNIQUE KEY `social_auth_nonce_server_url_timestamp_salt_f6284463_uniq` (`server_url`,`timestamp`,`salt`)
) ENGINE=InnoDB DEFAULT CHARSET=utf8mb4 COLLATE=utf8mb4_0900_ai_ci;
/*!40101 SET character_set_client = @saved_cs_client */;

--
-- Dumping data for table `social_auth_nonce`
--

LOCK TABLES `social_auth_nonce` WRITE;
/*!40000 ALTER TABLE `social_auth_nonce` DISABLE KEYS */;
/*!40000 ALTER TABLE `social_auth_nonce` ENABLE KEYS */;
UNLOCK TABLES;

--
-- Table structure for table `social_auth_partial`
--

DROP TABLE IF EXISTS `social_auth_partial`;
/*!40101 SET @saved_cs_client     = @@character_set_client */;
/*!50503 SET character_set_client = utf8mb4 */;
CREATE TABLE `social_auth_partial` (
  `id` bigint NOT NULL AUTO_INCREMENT,
  `token` varchar(32) NOT NULL,
  `next_step` smallint unsigned NOT NULL,
  `backend` varchar(32) NOT NULL,
  `timestamp` datetime(6) NOT NULL,
  `data` json NOT NULL DEFAULT (_utf8mb3'{}'),
  PRIMARY KEY (`id`),
  KEY `social_auth_partial_token_3017fea3` (`token`),
  KEY `social_auth_partial_timestamp_50f2119f` (`timestamp`),
  CONSTRAINT `social_auth_partial_chk_1` CHECK ((`next_step` >= 0))
) ENGINE=InnoDB DEFAULT CHARSET=utf8mb4 COLLATE=utf8mb4_0900_ai_ci;
/*!40101 SET character_set_client = @saved_cs_client */;

--
-- Dumping data for table `social_auth_partial`
--

LOCK TABLES `social_auth_partial` WRITE;
/*!40000 ALTER TABLE `social_auth_partial` DISABLE KEYS */;
/*!40000 ALTER TABLE `social_auth_partial` ENABLE KEYS */;
UNLOCK TABLES;

--
-- Table structure for table `social_auth_usersocialauth`
--

DROP TABLE IF EXISTS `social_auth_usersocialauth`;
/*!40101 SET @saved_cs_client     = @@character_set_client */;
/*!50503 SET character_set_client = utf8mb4 */;
CREATE TABLE `social_auth_usersocialauth` (
  `id` bigint NOT NULL AUTO_INCREMENT,
  `provider` varchar(32) NOT NULL,
  `uid` varchar(255) NOT NULL,
  `user_id` int NOT NULL,
  `created` datetime(6) NOT NULL,
  `modified` datetime(6) NOT NULL,
  `extra_data` json NOT NULL DEFAULT (_utf8mb3'{}'),
  PRIMARY KEY (`id`),
  UNIQUE KEY `social_auth_usersocialauth_provider_uid_e6b5e668_uniq` (`provider`,`uid`),
  KEY `social_auth_usersocialauth_user_id_17d28448_fk_auth_user_id` (`user_id`),
  KEY `social_auth_usersocialauth_uid_796e51dc` (`uid`),
  CONSTRAINT `social_auth_usersocialauth_user_id_17d28448_fk_auth_user_id` FOREIGN KEY (`user_id`) REFERENCES `auth_user` (`id`)
) ENGINE=InnoDB AUTO_INCREMENT=4 DEFAULT CHARSET=utf8mb4 COLLATE=utf8mb4_0900_ai_ci;
/*!40101 SET character_set_client = @saved_cs_client */;

--
-- Dumping data for table `social_auth_usersocialauth`
--

LOCK TABLES `social_auth_usersocialauth` WRITE;
/*!40000 ALTER TABLE `social_auth_usersocialauth` DISABLE KEYS */;
INSERT INTO `social_auth_usersocialauth` VALUES (1,'google-oauth2','bryanantier7@gmail.com',2,'2024-11-24 11:55:29.313181','2025-01-06 12:38:29.748263','{\"name\": \"Bryan Antier\", \"email\": \"bryanantier7@gmail.com\", \"expires\": 3599, \"picture\": \"https://lh3.googleusercontent.com/a/ACg8ocJw78jNzRn5E48w4qmI5Wi2vCMSLo9DO2xYbFIZN5W1P4-pcg=s96-c\", \"auth_time\": 1736167109, \"given_name\": \"Bryan\", \"token_type\": \"Bearer\", \"family_name\": \"Antier\", \"access_token\": \"ya29.a0ARW5m74CAZrVHjY814iGDC9PJNhOXlgTK3h5FeQCEPWhe2GJqLju-L5TkNCNWBGOXNHwr1Hd2znMbfPKy3mo9rlr_Qng7_YuwHOgC5IcBmkepo35TPYbeO2AG28UbExvVIyhmEBexQaNARkSVyy4sW1Ad_qEEFegyNoeaCgYKAUwSARESFQHGX2Mib6afLJrbXwOoh_bLKY23-A0171\"}'),(2,'google-oauth2','bryanthegamer2017@gmail.com',3,'2024-11-24 11:55:42.555153','2024-12-11 11:12:11.980884','{\"name\": \"Bryan Antier\", \"email\": \"bryanthegamer2017@gmail.com\", \"expires\": 3598, \"picture\": \"https://lh3.googleusercontent.com/a/ACg8ocJPrIkyIvcJY-qd9Zk8hOl5eQSZIAwma_j0NkhopjNhYQSm7NU=s96-c\", \"auth_time\": 1733915531, \"given_name\": \"Bryan\", \"token_type\": \"Bearer\", \"family_name\": \"Antier\", \"access_token\": \"ya29.a0ARW5m75DLF6eIRRwWgCkdMQS9jhlsgfjWLmby7b6rJXJfyORsCU1VwM7knTEHG8OGB_JO1myY74YhEnvR6lzDSe6Dk-3PsDS-rEaA0jZ2DcJzZEWTmil_XkyUZyrqn0i9JdQo6EhWMjEr2_VfwnCtT17csTNLmWSUhsaCgYKAVMSARESFQHGX2MiGiMrVSBOAXl35uX185uMRw0170\"}'),(3,'google-oauth2','bryan.antier@ctu.edu.ph',4,'2024-11-24 11:56:15.740256','2024-11-28 10:18:15.855940','{\"name\": \"bryan antier\", \"email\": \"bryan.antier@ctu.edu.ph\", \"expires\": 3599, \"picture\": \"https://lh3.googleusercontent.com/a/ACg8ocIAnOGU1I0em7ZFddr5Ws7kmq9amwvnspAbvON74gyZXbKQsg=s96-c\", \"auth_time\": 1732789095, \"given_name\": \"bryan\", \"token_type\": \"Bearer\", \"family_name\": \"antier\", \"access_token\": \"ya29.a0AeDClZC-CGyUfrk2JOSvFRhrPuAaQV6Lup9GiQh7Kw9xZLRFU0oTaQmVta1zxy4Vh79rumKvL4VUd18iWG37FNrKUMItvFSBm14JHnWPDQ4hA9anP5abfT64f_i3FlVledryeepmHMjb8P12wR9NQTz9YR3rciiUA0AaCgYKAeQSARESFQHGX2Mi2JN_OUm77ZGnIOuQRH76PA0170\"}');
/*!40000 ALTER TABLE `social_auth_usersocialauth` ENABLE KEYS */;
UNLOCK TABLES;

--
-- Table structure for table `type_master_achivement`
--

DROP TABLE IF EXISTS `type_master_achivement`;
/*!40101 SET @saved_cs_client     = @@character_set_client */;
/*!50503 SET character_set_client = utf8mb4 */;
CREATE TABLE `type_master_achivement` (
  `id` int NOT NULL AUTO_INCREMENT,
  `title` varchar(255) NOT NULL,
  `description` varchar(255) NOT NULL,
  `category` varchar(255) NOT NULL,
  `condition` varchar(255) NOT NULL,
  `value` varchar(255) NOT NULL,
  `achivement_image` varchar(255) NOT NULL,
  PRIMARY KEY (`id`)
) ENGINE=InnoDB AUTO_INCREMENT=6 DEFAULT CHARSET=utf8mb4 COLLATE=utf8mb4_0900_ai_ci;
/*!40101 SET character_set_client = @saved_cs_client */;

--
-- Dumping data for table `type_master_achivement`
--

LOCK TABLES `type_master_achivement` WRITE;
/*!40000 ALTER TABLE `type_master_achivement` DISABLE KEYS */;
INSERT INTO `type_master_achivement` VALUES (1,'What\'s 9 + 10','Get to level 21','Level','Level equal to','21','9+10_achivement.jpg'),(2,'Noice','Get to level 69','Level','Level equal to','69','69_achivement.png'),(3,'Bruh!','Get a wpm equal to 0','Test','WPM equal to','0','bruh_achivement.jpg'),(4,'Think fast chucklenuts','Set theme to light mode','Theme','Theme equal to','Light','think_fast_achivement.jpg'),(5,'100 baby','Get to Level 100','Level','Level equal to','100','100_achivement.jpg');
/*!40000 ALTER TABLE `type_master_achivement` ENABLE KEYS */;
UNLOCK TABLES;

--
-- Table structure for table `type_master_bsittypeingmasterplayers`
--

DROP TABLE IF EXISTS `type_master_bsittypeingmasterplayers`;
/*!40101 SET @saved_cs_client     = @@character_set_client */;
/*!50503 SET character_set_client = utf8mb4 */;
CREATE TABLE `type_master_bsittypeingmasterplayers` (
  `id` int NOT NULL AUTO_INCREMENT,
  `user_id` bigint NOT NULL,
  `lobby_id` int NOT NULL,
  `is_can_play` tinyint(1) NOT NULL,
  PRIMARY KEY (`id`),
  KEY `type_master_bsittype_user_id_0ae60310_fk_social_au` (`user_id`),
  KEY `type_master_bsittype_lobby_id_88bb53e5_fk_type_mast` (`lobby_id`),
  CONSTRAINT `type_master_bsittype_lobby_id_88bb53e5_fk_type_mast` FOREIGN KEY (`lobby_id`) REFERENCES `type_master_bsittypingmaster` (`id`),
  CONSTRAINT `type_master_bsittype_user_id_0ae60310_fk_social_au` FOREIGN KEY (`user_id`) REFERENCES `social_auth_usersocialauth` (`id`)
) ENGINE=InnoDB AUTO_INCREMENT=10 DEFAULT CHARSET=utf8mb4 COLLATE=utf8mb4_0900_ai_ci;
/*!40101 SET character_set_client = @saved_cs_client */;

--
-- Dumping data for table `type_master_bsittypeingmasterplayers`
--

LOCK TABLES `type_master_bsittypeingmasterplayers` WRITE;
/*!40000 ALTER TABLE `type_master_bsittypeingmasterplayers` DISABLE KEYS */;
INSERT INTO `type_master_bsittypeingmasterplayers` VALUES (4,3,1,1),(5,2,2,1),(6,1,2,1),(7,2,3,0),(8,1,4,1),(9,2,4,1);
/*!40000 ALTER TABLE `type_master_bsittypeingmasterplayers` ENABLE KEYS */;
UNLOCK TABLES;

--
-- Table structure for table `type_master_bsittypingmaster`
--

DROP TABLE IF EXISTS `type_master_bsittypingmaster`;
/*!40101 SET @saved_cs_client     = @@character_set_client */;
/*!50503 SET character_set_client = utf8mb4 */;
CREATE TABLE `type_master_bsittypingmaster` (
  `id` int NOT NULL AUTO_INCREMENT,
  `code` varchar(10) NOT NULL,
  `name` varchar(255) NOT NULL,
  `date_created` date NOT NULL,
  `test_time` int NOT NULL,
  `test_ammount` int NOT NULL,
  `is_started` tinyint(1) NOT NULL,
  `host_id` bigint NOT NULL,
  PRIMARY KEY (`id`),
  KEY `type_master_bsittypi_host_id_cce939d6_fk_social_au` (`host_id`),
  CONSTRAINT `type_master_bsittypi_host_id_cce939d6_fk_social_au` FOREIGN KEY (`host_id`) REFERENCES `social_auth_usersocialauth` (`id`)
) ENGINE=InnoDB AUTO_INCREMENT=6 DEFAULT CHARSET=utf8mb4 COLLATE=utf8mb4_0900_ai_ci;
/*!40101 SET character_set_client = @saved_cs_client */;

--
-- Dumping data for table `type_master_bsittypingmaster`
--

LOCK TABLES `type_master_bsittypingmaster` WRITE;
/*!40000 ALTER TABLE `type_master_bsittypingmaster` DISABLE KEYS */;
INSERT INTO `type_master_bsittypingmaster` VALUES (1,'12c554df4a','Halo','2024-11-24',15,0,1,2),(2,'bd45d891ae','Hello world','2024-11-28',15,0,0,3),(3,'39335364c0','Single Test','2024-11-28',15,1,1,3),(4,'03d4781581','Test','2024-12-11',15,0,0,1),(5,'d79c162586','Hello world','2024-12-11',15,0,0,1);
/*!40000 ALTER TABLE `type_master_bsittypingmaster` ENABLE KEYS */;
UNLOCK TABLES;

--
-- Table structure for table `type_master_playerachivements`
--

DROP TABLE IF EXISTS `type_master_playerachivements`;
/*!40101 SET @saved_cs_client     = @@character_set_client */;
/*!50503 SET character_set_client = utf8mb4 */;
CREATE TABLE `type_master_playerachivements` (
  `id` int NOT NULL AUTO_INCREMENT,
  `date_done` date NOT NULL,
  `achivement_id` int NOT NULL,
  `user_id` bigint NOT NULL,
  PRIMARY KEY (`id`),
  KEY `type_master_playerac_achivement_id_fdc3f588_fk_type_mast` (`achivement_id`),
  KEY `type_master_playerac_user_id_a3752d19_fk_social_au` (`user_id`),
  CONSTRAINT `type_master_playerac_achivement_id_fdc3f588_fk_type_mast` FOREIGN KEY (`achivement_id`) REFERENCES `type_master_achivement` (`id`),
  CONSTRAINT `type_master_playerac_user_id_a3752d19_fk_social_au` FOREIGN KEY (`user_id`) REFERENCES `social_auth_usersocialauth` (`id`)
) ENGINE=InnoDB AUTO_INCREMENT=16 DEFAULT CHARSET=utf8mb4 COLLATE=utf8mb4_0900_ai_ci;
/*!40101 SET character_set_client = @saved_cs_client */;

--
-- Dumping data for table `type_master_playerachivements`
--

LOCK TABLES `type_master_playerachivements` WRITE;
/*!40000 ALTER TABLE `type_master_playerachivements` DISABLE KEYS */;
INSERT INTO `type_master_playerachivements` VALUES (12,'2024-12-31',1,1),(13,'2024-12-31',3,1),(15,'2024-12-31',4,1);
/*!40000 ALTER TABLE `type_master_playerachivements` ENABLE KEYS */;
UNLOCK TABLES;

--
-- Table structure for table `type_master_testhistory`
--

DROP TABLE IF EXISTS `type_master_testhistory`;
/*!40101 SET @saved_cs_client     = @@character_set_client */;
/*!50503 SET character_set_client = utf8mb4 */;
CREATE TABLE `type_master_testhistory` (
  `id` int NOT NULL AUTO_INCREMENT,
  `wpm` double NOT NULL,
  `accuracy` double NOT NULL,
  `cormisex` varchar(20) NOT NULL,
  `mode` varchar(10) NOT NULL,
  `type` varchar(20) NOT NULL,
  `bpr` tinyint(1) NOT NULL,
  `test_taken` datetime(6) NOT NULL,
  `user_id` bigint NOT NULL,
  PRIMARY KEY (`id`),
  KEY `type_master_testhist_user_id_36072575_fk_social_au` (`user_id`),
  CONSTRAINT `type_master_testhist_user_id_36072575_fk_social_au` FOREIGN KEY (`user_id`) REFERENCES `social_auth_usersocialauth` (`id`)
) ENGINE=InnoDB AUTO_INCREMENT=165 DEFAULT CHARSET=utf8mb4 COLLATE=utf8mb4_0900_ai_ci;
/*!40101 SET character_set_client = @saved_cs_client */;

--
-- Dumping data for table `type_master_testhistory`
--

LOCK TABLES `type_master_testhistory` WRITE;
/*!40000 ALTER TABLE `type_master_testhistory` DISABLE KEYS */;
INSERT INTO `type_master_testhistory` VALUES (18,88,90,'97/11/1','lobby','12c554df4a',1,'2024-11-24 12:40:02.348538',3),(19,80,93,'88/7/0','lobby','bd45d891ae',1,'2024-11-28 10:17:23.555782',2),(20,83,85,'90/16/0','lobby','bd45d891ae',1,'2024-11-28 10:18:07.413292',1),(21,69,80,'76/18/0','lobby','39335364c0',0,'2024-11-28 10:28:50.112401',2),(22,70,92,'77/7/0','lobby','39335364c0',0,'2024-11-28 10:29:48.705130',2),(23,69,82,'75/15/1','lobby','39335364c0',0,'2024-11-28 10:34:05.684478',2),(24,67,91,'73/7/1','lobby','39335364c0',0,'2024-11-28 10:38:16.554563',2),(25,76,90,'80/9/1','lobby','39335364c0',0,'2024-11-28 10:40:36.727491',2),(26,72,87,'78/13/0','lobby','39335364c0',0,'2024-11-28 11:11:57.649116',2),(27,65,80,'71/17/0','time','15',0,'2024-11-29 23:16:28.245768',3),(28,74,87,'80/13/0','time','15',0,'2024-11-29 23:21:00.755067',3),(29,74,85,'77/16/0','time','15',0,'2024-11-29 23:23:18.551748',3),(30,74,87,'78/8/5','time','15',0,'2024-11-29 23:25:04.724319',3),(31,75,95,'80/5/0','time','15',0,'2024-11-29 23:39:20.677236',3),(32,75,97,'82/3/0','time','15',0,'2024-11-29 23:40:52.263387',3),(33,72,88,'76/10/1','time','15',0,'2024-11-29 23:42:05.953418',3),(34,80,90,'86/10/0','time','15',0,'2024-11-29 23:43:38.461976',3),(35,76,78,'81/22/0','time','15',0,'2024-11-29 23:45:23.961174',3),(36,48,78,'52/14/0','time','15',0,'2024-11-30 09:18:57.937302',3),(37,82,100,'89/0/0','time','15',0,'2024-11-30 09:21:35.447305',3),(38,63,89,'69/8/1','time','15',0,'2024-11-30 09:46:29.595717',3),(39,66,84,'72/14/0','time','15',0,'2024-11-30 09:47:18.349245',3),(40,86,94,'100/7/0','words','15',0,'2024-11-30 09:52:34.231279',3),(41,70,55,'85/47/2','words','15',0,'2024-11-30 09:55:17.741686',3),(42,103,98,'89/3/0','words','15',1,'2024-11-30 10:02:20.014825',3),(43,73,80,'89/19/3','words','15',0,'2024-11-30 10:04:06.475924',3),(44,74,99,'79/1/0','time','15',0,'2024-12-01 04:21:18.722103',1),(45,91,96,'92/4/1','words','15',1,'2024-12-01 04:21:44.912612',1),(46,96,100,'90/1/0','words','15',1,'2024-12-01 04:23:50.424753',1),(47,89,100,'89/0/0','words','15',0,'2024-12-01 04:24:05.994520',1),(48,76,94,'93/6/1','words','15',0,'2024-12-01 04:24:57.542558',1),(49,85,98,'78/0/2','words','15',0,'2024-12-01 06:20:36.036887',1),(50,84,93,'90/8/0','words','15',0,'2024-12-01 06:30:40.170166',1),(51,84,94,'90/6/1','words','15',0,'2024-12-01 06:31:22.329672',1),(52,81,94,'87/7/0','words','15',0,'2024-12-01 06:39:27.961018',1),(53,76,96,'100/5/0','words','15',0,'2024-12-01 06:46:03.517373',1),(54,82,96,'88/5/0','words','15',0,'2024-12-01 06:46:49.594758',1),(55,81,98,'107/3/0','words','15',0,'2024-12-01 06:49:24.285781',1),(56,93,97,'94/0/4','words','15',0,'2024-12-01 07:00:21.485500',1),(57,69,88,'101/13/1','words','15',0,'2024-12-01 07:00:49.993760',1),(58,92,95,'85/5/0','words','15',0,'2024-12-01 07:01:09.759346',1),(59,129,100,'35/0/0','custom','NaN',1,'2024-12-01 07:08:15.520914',1),(60,101,98,'34/1/0','custom','NaN',0,'2024-12-01 07:08:28.507244',1),(61,79,98,'86/2/0','time','15',0,'2024-12-01 07:09:03.736782',1),(62,84,97,'90/4/0','time','15',0,'2024-12-01 07:09:24.550098',1),(63,80,90,'86/10/0','time','15',0,'2024-12-01 07:12:07.294799',1),(64,76,92,'80/6/2','time','15',0,'2024-12-01 07:12:27.643359',1),(65,88,85,'94/15/2','time','15',1,'2024-12-01 11:32:54.292441',2),(66,60,86,'65/11/0','time','15',0,'2024-12-01 11:37:52.576361',1),(67,96,100,'99/0/0','time','15',0,'2024-12-01 11:38:53.113983',1),(68,78,99,'85/1/0','time','15',0,'2024-12-01 11:39:23.930052',1),(69,82,92,'91/9/0','time','15',0,'2024-12-01 11:39:40.778524',1),(70,85,97,'91/4/0','time','15',0,'2024-12-01 11:39:57.296988',1),(71,77,97,'85/3/0','time','15',0,'2024-12-01 11:40:42.634835',1),(72,75,99,'81/1/0','time','15',0,'2024-12-01 11:41:34.627721',1),(73,77,93,'83/7/0','time','15',0,'2024-12-01 11:42:04.118849',1),(74,70,95,'76/5/0','time','15',0,'2024-12-01 11:42:21.601798',1),(75,80,99,'87/0/1','time','15',0,'2024-12-01 11:43:15.119098',1),(76,96,100,'102/0/0','time','15',0,'2024-12-01 11:44:02.367823',1),(77,81,95,'88/5/1','time','15',0,'2024-12-02 11:06:14.557845',1),(78,76,97,'80/2/1','time','15',0,'2024-12-02 11:27:43.174255',1),(79,72,98,'78/2/0','time','15',0,'2024-12-02 11:28:07.443265',1),(80,64,88,'69/10/0','time','15',0,'2024-12-04 01:27:46.062497',1),(81,67,59,'70/36/1','time','15',0,'2024-12-04 01:28:02.625226',1),(84,86,90,'93/10/2','time','15',0,'2024-12-04 07:13:58.943920',1),(85,82,88,'87/13/0','time','15',0,'2024-12-07 03:38:03.996180',1),(86,80,98,'87/2/0','time','15',0,'2024-12-07 03:38:27.591627',1),(87,84,98,'90/3/0','lobby','03d4781581',0,'2024-12-11 11:12:41.182633',2),(88,78,96,'83/4/0','lobby','03d4781581',0,'2024-12-11 11:13:04.957190',1),(89,84,73,'105/32/0','words','15',0,'2024-12-11 11:40:31.608828',1),(90,70,76,'102/27/1','words','15',0,'2024-12-11 11:41:10.376860',1),(91,87,74,'94/30/0','words','15',0,'2024-12-11 11:42:17.263668',1),(92,80,80,'85/20/0','words','15',0,'2024-12-11 11:43:00.291120',1),(93,180,100,'13/0/0','custom','NaN',1,'2024-12-11 11:43:57.827285',1),(94,180,100,'13/0/0','custom','NaN',0,'2024-12-11 11:44:34.660943',1),(95,180,100,'13/0/0','custom','NaN',0,'2024-12-11 11:44:54.722367',1),(96,180,93,'13/0/1','custom','NaN',0,'2024-12-11 11:45:20.123370',1),(97,180,100,'13/0/0','custom','NaN',0,'2024-12-11 11:45:38.570947',1),(98,180,100,'13/0/0','custom','NaN',0,'2024-12-11 11:46:14.866923',1),(99,90,93,'13/1/0','custom','NaN',0,'2024-12-11 11:47:08.776591',1),(100,180,100,'13/0/0','custom','NaN',0,'2024-12-11 11:47:46.345472',1),(101,180,93,'13/1/0','custom','NaN',0,'2024-12-11 11:48:05.837244',1),(102,90,93,'13/1/0','custom','NaN',0,'2024-12-11 11:48:38.387275',1),(103,180,100,'13/0/0','custom','NaN',0,'2024-12-11 11:49:14.908175',1),(104,180,100,'13/0/0','custom','NaN',0,'2024-12-11 11:49:54.140313',1),(105,180,100,'13/0/0','custom','NaN',0,'2024-12-11 11:50:11.051587',1),(106,180,100,'13/0/0','custom','NaN',0,'2024-12-26 13:33:05.570551',1),(107,90,72,'13/4/0','custom','NaN',0,'2024-12-26 13:34:58.749845',1),(108,180,100,'13/0/0','custom','NaN',0,'2024-12-26 13:35:28.804114',1),(109,0,0,'invalid','time','15',0,'2024-12-26 13:52:28.166994',1),(110,68,7,'21/30/1','custom','NaN',0,'2024-12-26 14:31:33.317294',1),(111,136,100,'27/0/0','custom','',0,'2024-12-26 14:32:20.649408',1),(112,85,95,'92/6/0','time','15',0,'2024-12-30 06:16:34.372791',1),(113,78,97,'84/3/0','time','15',0,'2024-12-30 06:16:52.073444',1),(114,72,95,'77/5/0','time','15',0,'2024-12-30 06:17:21.721291',1),(115,75,94,'80/6/0','time','15',0,'2024-12-30 06:17:45.665758',1),(116,80,96,'85/4/0','time','15',0,'2024-12-30 06:18:38.126181',1),(117,74,88,'79/11/1','time','15',0,'2024-12-30 06:50:04.765477',1),(118,72,66,'77/31/2','time','15',0,'2024-12-30 06:52:29.637447',1),(119,82,89,'87/12/1','time','15',0,'2024-12-30 06:53:40.167797',1),(120,65,67,'69/30/0','time','15',0,'2024-12-30 06:54:49.945007',1),(121,78,95,'84/5/0','time','15',0,'2024-12-30 06:55:34.209734',1),(122,85,77,'92/23/3','time','15',0,'2024-12-30 06:56:45.261062',1),(123,84,86,'89/15/1','time','15',0,'2024-12-30 06:59:01.810779',1),(124,66,83,'70/14/1','time','15',0,'2024-12-30 07:09:14.445434',1),(125,83,88,'86/13/1','time','15',0,'2024-12-30 07:11:55.619081',1),(126,64,82,'68/13/2','time','15',0,'2024-12-30 07:13:26.754892',1),(127,65,87,'70/11/0','time','15',0,'2024-12-30 07:16:02.975834',1),(128,86,92,'93/9/0','time','15',0,'2024-12-30 07:18:47.905659',1),(129,78,95,'84/1/4','time','15',0,'2024-12-30 07:20:00.371624',1),(130,82,97,'90/4/0','time','15',0,'2024-12-30 07:22:20.267986',1),(131,68,83,'73/11/4','time','15',0,'2024-12-30 07:23:28.639674',1),(132,78,87,'86/13/0','time','15',0,'2024-12-30 08:29:42.346653',1),(133,74,92,'79/8/0','time','15',0,'2024-12-30 08:34:50.239117',1),(134,70,99,'77/1/0','time','15',0,'2024-12-30 08:35:10.786282',1),(135,75,91,'81/9/0','time','15',0,'2024-12-30 08:35:31.779905',1),(136,83,100,'88/1/0','time','15',0,'2024-12-30 08:49:27.147336',1),(137,68,100,'74/0/0','time','15',0,'2024-12-30 08:49:43.890009',1),(138,0,0,'invalid','words','15',0,'2024-12-30 11:45:16.956093',1),(139,0,0,'invalid','words','15',0,'2024-12-30 12:57:56.813494',1),(140,0,0,'invalid','words','15',0,'2024-12-30 12:59:13.388276',1),(141,56,24,'0/84/1','words','15',0,'2024-12-30 13:00:07.880794',1),(142,0,0,'invalid','words','15',0,'2024-12-30 13:02:08.701474',1),(143,60,27,'1/83/0','words','15',0,'2024-12-30 13:03:02.546129',1),(144,0,0,'invalid','words','15',0,'2024-12-30 13:03:39.343963',1),(145,56,32,'0/90/0','words','15',0,'2024-12-30 13:04:05.416945',1),(146,90,84,'1/21/0','words','15',0,'2024-12-30 13:04:21.343022',1),(147,0,0,'invalid','words','15',0,'2024-12-30 13:04:28.703965',1),(148,80,97,'86/3/1','words','15',0,'2024-12-31 00:18:18.966461',1),(149,80,95,'85/5/1','time','15',0,'2024-12-31 00:23:45.742980',1),(150,77,95,'82/5/0','time','15',0,'2024-12-31 00:25:12.699469',1),(151,64,91,'68/7/1','time','15',0,'2024-12-31 00:26:05.975284',1),(152,78,98,'84/2/0','time','15',0,'2024-12-31 00:38:48.110708',1),(153,71,99,'78/1/0','time','15',0,'2024-12-31 00:40:40.955324',1),(154,0,0,'invalid','words','15',0,'2024-12-31 01:05:12.651986',1),(155,81,91,'93/9/1','words','15',0,'2024-12-31 01:08:53.177596',1),(156,0,0,'invalid','words','15',0,'2024-12-31 01:09:04.656315',1),(157,76,81,'99/21/1','words','15',0,'2024-12-31 01:11:58.443254',1),(158,204,100,'27/0/0','custom','',1,'2024-12-31 01:12:16.355394',1),(159,204,100,'27/0/0','custom','',0,'2024-12-31 01:12:33.668524',1),(160,56,20,'0/90/0','words','15',0,'2024-12-31 01:12:47.562090',1),(161,0,0,'invalid','words','15',0,'2024-12-31 01:12:55.410142',1),(162,21,19,'0/91/0','words','15',0,'2024-12-31 01:13:21.852461',1),(163,81,91,'94/9/1','words','15',0,'2024-12-31 01:13:40.507552',1),(164,74,95,'81/5/0','time','15',0,'2025-01-06 12:37:11.753216',1);
/*!40000 ALTER TABLE `type_master_testhistory` ENABLE KEYS */;
UNLOCK TABLES;

--
-- Table structure for table `type_master_usersettings`
--

DROP TABLE IF EXISTS `type_master_usersettings`;
/*!40101 SET @saved_cs_client     = @@character_set_client */;
/*!50503 SET character_set_client = utf8mb4 */;
CREATE TABLE `type_master_usersettings` (
  `user_id` bigint NOT NULL,
  `theme` varchar(10) NOT NULL,
  `font_family` varchar(100) NOT NULL,
  `font_size` varchar(6) NOT NULL,
  `ultra_wide_config` varchar(10) NOT NULL,
  `mode_used` varchar(10) NOT NULL,
  `time_selected` int NOT NULL,
  `word_amount_selected` int NOT NULL,
  `challenge_achieved` json NOT NULL,
  `custome_sentence` varchar(255) NOT NULL,
  `last_updated` datetime(6) NOT NULL,
  `exp` int NOT NULL,
  PRIMARY KEY (`user_id`),
  CONSTRAINT `type_master_usersett_user_id_445fb70f_fk_social_au` FOREIGN KEY (`user_id`) REFERENCES `social_auth_usersocialauth` (`id`)
) ENGINE=InnoDB DEFAULT CHARSET=utf8mb4 COLLATE=utf8mb4_0900_ai_ci;
/*!40101 SET character_set_client = @saved_cs_client */;

--
-- Dumping data for table `type_master_usersettings`
--

LOCK TABLES `type_master_usersettings` WRITE;
/*!40000 ALTER TABLE `type_master_usersettings` DISABLE KEYS */;
INSERT INTO `type_master_usersettings` VALUES (1,'dark','VT323','40px','center','custom',15,15,'[3, 3, 0, 0, 0, 0, 0, 0, 0]','This is a test for the custom text','2025-01-06 12:38:57.945761',6604),(2,'dark','VT323','40px','center','time',15,15,'[0, 0, 0, 0, 0, 0, 0, 0, 0]','The quick brown fox jumps over the lazy dog.','2024-12-01 11:32:55.336041',12),(3,'dark','VT323','40px','center','words',15,15,'[0, 0, 0, 0, 0, 0, 0, 0, 0]','The quick brown fox jumps over the lazy dog.','2024-12-01 06:07:12.071724',0);
/*!40000 ALTER TABLE `type_master_usersettings` ENABLE KEYS */;
UNLOCK TABLES;

--
-- Table structure for table `type_master_word`
--

DROP TABLE IF EXISTS `type_master_word`;
/*!40101 SET @saved_cs_client     = @@character_set_client */;
/*!50503 SET character_set_client = utf8mb4 */;
CREATE TABLE `type_master_word` (
  `word_id` int NOT NULL AUTO_INCREMENT,
  `word` varchar(255) NOT NULL,
  `length` int NOT NULL,
  `lang` varchar(50) NOT NULL,
  PRIMARY KEY (`word_id`)
) ENGINE=InnoDB AUTO_INCREMENT=8673 DEFAULT CHARSET=utf8mb4 COLLATE=utf8mb4_0900_ai_ci;
/*!40101 SET character_set_client = @saved_cs_client */;

--
-- Dumping data for table `type_master_word`
--

LOCK TABLES `type_master_word` WRITE;
/*!40000 ALTER TABLE `type_master_word` DISABLE KEYS */;
INSERT INTO `type_master_word` VALUES (1,'species',7,'en'),(2,'source',6,'en'),(3,'common',6,'en'),(4,'proper',6,'en'),(5,'enable',6,'en'),(6,'prescription',12,'en'),(7,'restaurant',10,'en'),(8,'biological',10,'en'),(9,'recruit',7,'en'),(10,'diplomat',8,'en'),(11,'leadership',10,'en'),(12,'pale',4,'en'),(13,'budget',6,'en'),(14,'member',6,'en'),(15,'sleeve',6,'en'),(16,'parental',8,'en'),(17,'ballot',6,'en'),(18,'file',4,'en'),(19,'processing',10,'en'),(20,'bill',4,'en'),(21,'description',11,'en'),(22,'fund',4,'en'),(23,'lesson',6,'en'),(24,'courtroom',9,'en'),(25,'prosecutor',10,'en'),(26,'register',8,'en'),(27,'research',8,'en'),(28,'employer',8,'en'),(29,'debut',5,'en'),(30,'fill',4,'en'),(31,'rat',3,'en'),(32,'rope',4,'en'),(33,'portrait',8,'en'),(34,'rally',5,'en'),(35,'here',4,'en'),(36,'awful',5,'en'),(37,'guard',5,'en'),(38,'expansion',9,'en'),(39,'meter',5,'en'),(40,'favorite',8,'en'),(41,'colleague',9,'en'),(42,'humor',5,'en'),(43,'announcement',12,'en'),(44,'ego',3,'en'),(45,'moon',4,'en'),(46,'broken',6,'en'),(47,'past',4,'en'),(48,'capable',7,'en'),(49,'grin',4,'en'),(50,'possession',10,'en'),(51,'generous',8,'en'),(52,'complexity',10,'en'),(53,'politics',8,'en'),(54,'hide',4,'en'),(55,'horse',5,'en'),(56,'invisible',9,'en'),(57,'relative',8,'en'),(58,'comparison',10,'en'),(59,'ingredient',10,'en'),(60,'tolerance',9,'en'),(61,'fourth',6,'en'),(62,'agency',6,'en'),(63,'jump',4,'en'),(64,'harsh',5,'en'),(65,'shrink',6,'en'),(66,'underlying',10,'en'),(67,'toxic',5,'en'),(68,'swing',5,'en'),(69,'fence',5,'en'),(70,'readily',7,'en'),(71,'northeast',9,'en'),(72,'success',7,'en'),(73,'express',7,'en'),(74,'explain',7,'en'),(75,'bottle',6,'en'),(76,'additional',10,'en'),(77,'election',8,'en'),(78,'piece',5,'en'),(79,'teammate',8,'en'),(80,'those',5,'en'),(81,'wilderness',10,'en'),(82,'alongside',9,'en'),(83,'solely',6,'en'),(84,'genetic',7,'en'),(85,'comment',7,'en'),(86,'under',5,'en'),(87,'expect',6,'en'),(88,'lifestyle',9,'en'),(89,'prime',5,'en'),(90,'cut',3,'en'),(91,'repeatedly',10,'en'),(92,'disk',4,'en'),(93,'wife',4,'en'),(94,'regulator',9,'en'),(95,'exchange',8,'en'),(96,'selection',9,'en'),(97,'presumably',10,'en'),(98,'sentence',8,'en'),(99,'evaluation',10,'en'),(100,'investor',8,'en'),(101,'concerned',9,'en'),(102,'able',4,'en'),(103,'exhibition',10,'en'),(104,'phrase',6,'en'),(105,'somewhere',9,'en'),(106,'number',6,'en'),(107,'store',5,'en'),(108,'create',6,'en'),(109,'already',7,'en'),(110,'behave',6,'en'),(111,'appoint',7,'en'),(112,'deer',4,'en'),(113,'supply',6,'en'),(114,'recipe',6,'en'),(115,'casino',6,'en'),(116,'chop',4,'en'),(117,'ground',6,'en'),(118,'running',7,'en'),(119,'rocket',6,'en'),(120,'condemn',7,'en'),(121,'spite',5,'en'),(122,'mouse',5,'en'),(123,'snap',4,'en'),(124,'strike',6,'en'),(125,'corruption',10,'en'),(126,'decide',6,'en'),(127,'score',5,'en'),(128,'strengthen',10,'en'),(129,'fortunately',11,'en'),(130,'transition',10,'en'),(131,'shelter',7,'en'),(132,'anniversary',11,'en'),(133,'risky',5,'en'),(134,'dependent',9,'en'),(135,'intense',7,'en'),(136,'check',5,'en'),(137,'irony',5,'en'),(138,'hell',4,'en'),(139,'largely',7,'en'),(140,'health-care',11,'en'),(141,'heat',4,'en'),(142,'Senate',6,'en'),(143,'violence',8,'en'),(144,'cruise',6,'en'),(145,'land',4,'en'),(146,'textbook',8,'en'),(147,'mount',5,'en'),(148,'weekend',7,'en'),(149,'complicated',11,'en'),(150,'anymore',7,'en'),(151,'listener',8,'en'),(152,'set',3,'en'),(153,'expression',10,'en'),(154,'flame',5,'en'),(155,'fact',4,'en'),(156,'furthermore',11,'en'),(157,'violate',7,'en'),(158,'recall',6,'en'),(159,'discovery',9,'en'),(160,'opposed',7,'en'),(161,'senator',7,'en'),(162,'federal',7,'en'),(163,'tobacco',7,'en'),(164,'survey',6,'en'),(165,'representation',14,'en'),(166,'sole',4,'en'),(167,'abandon',7,'en'),(168,'cattle',6,'en'),(169,'transit',7,'en'),(170,'suspicious',10,'en'),(171,'defendant',9,'en'),(172,'retreat',7,'en'),(173,'anyway',6,'en'),(174,'stop',4,'en'),(175,'conservation',12,'en'),(176,'stiff',5,'en'),(177,'technology',10,'en'),(178,'hockey',6,'en'),(179,'may',3,'en'),(180,'aesthetic',9,'en'),(181,'supermarket',11,'en'),(182,'fraction',8,'en'),(183,'regional',8,'en'),(184,'solid',5,'en'),(185,'eligible',8,'en'),(186,'high',4,'en'),(187,'epidemic',8,'en'),(188,'kneel',5,'en'),(189,'lawsuit',7,'en'),(190,'freely',6,'en'),(191,'recently',8,'en'),(192,'regain',6,'en'),(193,'trainer',7,'en'),(194,'evaluate',8,'en'),(195,'patrol',6,'en'),(196,'flexible',8,'en'),(197,'inquiry',7,'en'),(198,'inherent',8,'en'),(199,'sofa',4,'en'),(200,'calculate',9,'en'),(201,'classical',9,'en'),(202,'friendly',8,'en'),(203,'return',6,'en'),(204,'summary',7,'en'),(205,'pleasant',8,'en'),(206,'partner',7,'en'),(207,'association',11,'en'),(208,'headache',8,'en'),(209,'informal',8,'en'),(210,'later',5,'en'),(211,'reaction',8,'en'),(212,'dense',5,'en'),(213,'tap',3,'en'),(214,'horrible',8,'en'),(215,'scientist',9,'en'),(216,'similarly',9,'en'),(217,'size',4,'en'),(218,'vision',6,'en'),(219,'attempt',7,'en'),(220,'depending',9,'en'),(221,'put',3,'en'),(222,'examine',7,'en'),(223,'technological',13,'en'),(224,'blow',4,'en'),(225,'true',4,'en'),(226,'usually',7,'en'),(227,'wood',4,'en'),(228,'odds',4,'en'),(229,'encouraging',11,'en'),(230,'municipal',9,'en'),(231,'official',8,'en'),(232,'championship',12,'en'),(233,'expert',6,'en'),(234,'outer',5,'en'),(235,'channel',7,'en'),(236,'head',4,'en'),(237,'lifetime',8,'en'),(238,'communication',13,'en'),(239,'widely',6,'en'),(240,'opinion',7,'en'),(241,'rank',4,'en'),(242,'midnight',8,'en'),(243,'hospital',8,'en'),(244,'pump',4,'en'),(245,'broker',6,'en'),(246,'photograph',10,'en'),(247,'ban',3,'en'),(248,'clock',5,'en'),(249,'traveler',8,'en'),(250,'frustrate',9,'en'),(251,'officially',10,'en'),(252,'concerning',10,'en'),(253,'pit',3,'en'),(254,'differ',6,'en'),(255,'fewer',5,'en'),(256,'stick',5,'en'),(257,'meat',4,'en'),(258,'contractor',10,'en'),(259,'planning',8,'en'),(260,'inspection',10,'en'),(261,'warn',4,'en'),(262,'Jew',3,'en'),(263,'thin',4,'en'),(264,'resort',6,'en'),(265,'terrific',8,'en'),(266,'natural',7,'en'),(267,'greatest',8,'en'),(268,'reasonable',10,'en'),(269,'partnership',11,'en'),(270,'healthy',7,'en'),(271,'vendor',6,'en'),(272,'stream',6,'en'),(273,'associated',10,'en'),(274,'neck',4,'en'),(275,'illness',7,'en'),(276,'arrangement',11,'en'),(277,'colonial',8,'en'),(278,'virus',5,'en'),(279,'written',7,'en'),(280,'producer',8,'en'),(281,'seller',6,'en'),(282,'occasional',10,'en'),(283,'hour',4,'en'),(284,'sweater',7,'en'),(285,'propose',7,'en'),(286,'protocol',8,'en'),(287,'collapse',8,'en'),(288,'spectacular',11,'en'),(289,'farm',4,'en'),(290,'speech',6,'en'),(291,'cage',4,'en'),(292,'anxious',7,'en'),(293,'see',3,'en'),(294,'concede',7,'en'),(295,'congressional',13,'en'),(296,'rule',4,'en'),(297,'ticket',6,'en'),(298,'visible',7,'en'),(299,'resistance',10,'en'),(300,'expose',6,'en'),(301,'characteristic',14,'en'),(302,'rich',4,'en'),(303,'motion',6,'en'),(304,'homeless',8,'en'),(305,'diagnosis',9,'en'),(306,'sacrifice',9,'en'),(307,'treat',5,'en'),(308,'garbage',7,'en'),(309,'statistics',10,'en'),(310,'ritual',6,'en'),(311,'magnitude',9,'en'),(312,'hardly',6,'en'),(313,'lend',4,'en'),(314,'aunt',4,'en'),(315,'sanction',8,'en'),(316,'gradually',9,'en'),(317,'slip',4,'en'),(318,'entitle',7,'en'),(319,'somehow',7,'en'),(320,'peak',4,'en'),(321,'group',5,'en'),(322,'ambassador',10,'en'),(323,'she',3,'en'),(324,'banana',6,'en'),(325,'cheat',5,'en'),(326,'progress',8,'en'),(327,'well',4,'en'),(328,'kitchen',7,'en'),(329,'curtain',7,'en'),(330,'smile',5,'en'),(331,'phone',5,'en'),(332,'sauce',5,'en'),(333,'scramble',8,'en'),(334,'extent',6,'en'),(335,'leading',7,'en'),(336,'automatic',9,'en'),(337,'known',5,'en'),(338,'picture',7,'en'),(339,'nor',3,'en'),(340,'fat',3,'en'),(341,'ice',3,'en'),(342,'Latin',5,'en'),(343,'trade',5,'en'),(344,'island',6,'en'),(345,'visual',6,'en'),(346,'help',4,'en'),(347,'red',3,'en'),(348,'manipulate',10,'en'),(349,'salt',4,'en'),(350,'frontier',8,'en'),(351,'pursuit',7,'en'),(352,'facilitate',10,'en'),(353,'second',6,'en'),(354,'ranch',5,'en'),(355,'injure',6,'en'),(356,'kiss',4,'en'),(357,'mom',3,'en'),(358,'harvest',7,'en'),(359,'elsewhere',9,'en'),(360,'camera',6,'en'),(361,'grain',5,'en'),(362,'economy',7,'en'),(363,'execute',7,'en'),(364,'painting',8,'en'),(365,'eyebrow',7,'en'),(366,'golden',6,'en'),(367,'indeed',6,'en'),(368,'distinction',11,'en'),(369,'bake',4,'en'),(370,'supplier',8,'en'),(371,'merely',6,'en'),(372,'royal',5,'en'),(373,'spokesman',9,'en'),(374,'broad',5,'en'),(375,'yet',3,'en'),(376,'rate',4,'en'),(377,'ironically',10,'en'),(378,'all',3,'en'),(379,'bee',3,'en'),(380,'southwest',9,'en'),(381,'bomb',4,'en'),(382,'astronomer',10,'en'),(383,'bubble',6,'en'),(384,'twentieth',9,'en'),(385,'oh',2,'en'),(386,'prison',6,'en'),(387,'outlet',6,'en'),(388,'participate',11,'en'),(389,'recipient',9,'en'),(390,'rabbit',6,'en'),(391,'substantial',11,'en'),(392,'summer',6,'en'),(393,'unfold',6,'en'),(394,'license',7,'en'),(395,'sister',6,'en'),(396,'drawing',7,'en'),(397,'insist',6,'en'),(398,'seventh',7,'en'),(399,'deficit',7,'en'),(400,'represent',9,'en'),(401,'achieve',7,'en'),(402,'pocket',6,'en'),(403,'gently',6,'en'),(404,'where',5,'en'),(405,'I',1,'en'),(406,'know',4,'en'),(407,'minute',6,'en'),(408,'stroke',6,'en'),(409,'act',3,'en'),(410,'athletic',8,'en'),(411,'spot',4,'en'),(412,'incorporate',11,'en'),(413,'oxygen',6,'en'),(414,'client',6,'en'),(415,'mainly',6,'en'),(416,'boss',4,'en'),(417,'collar',6,'en'),(418,'temporary',9,'en'),(419,'tremendous',10,'en'),(420,'counterpart',11,'en'),(421,'molecule',8,'en'),(422,'chair',5,'en'),(423,'negotiation',11,'en'),(424,'photographer',12,'en'),(425,'confrontation',13,'en'),(426,'questionnaire',13,'en'),(427,'dangerous',9,'en'),(428,'professor',9,'en'),(429,'early',5,'en'),(430,'teen',4,'en'),(431,'evil',4,'en'),(432,'drink',5,'en'),(433,'teaspoon',8,'en'),(434,'fresh',5,'en'),(435,'eighth',6,'en'),(436,'rough',5,'en'),(437,'naked',5,'en'),(438,'soften',6,'en'),(439,'English',7,'en'),(440,'ultimate',8,'en'),(441,'board',5,'en'),(442,'daughter',8,'en'),(443,'behind',6,'en'),(444,'coast',5,'en'),(445,'translate',9,'en'),(446,'hot',3,'en'),(447,'skill',5,'en'),(448,'equity',6,'en'),(449,'rise',4,'en'),(450,'little',6,'en'),(451,'compose',7,'en'),(452,'purple',6,'en'),(453,'switch',6,'en'),(454,'belief',6,'en'),(455,'boast',5,'en'),(456,'despite',7,'en'),(457,'nomination',10,'en'),(458,'notice',6,'en'),(459,'benefit',7,'en'),(460,'otherwise',9,'en'),(461,'mobile',6,'en'),(462,'extended',8,'en'),(463,'regularly',9,'en'),(464,'outline',7,'en'),(465,'reporter',8,'en'),(466,'go',2,'en'),(467,'frustration',11,'en'),(468,'joy',3,'en'),(469,'site',4,'en'),(470,'restriction',11,'en'),(471,'personal',8,'en'),(472,'threshold',9,'en'),(473,'unhappy',7,'en'),(474,'shelf',5,'en'),(475,'present',7,'en'),(476,'comparable',10,'en'),(477,'against',7,'en'),(478,'closet',6,'en'),(479,'dimension',9,'en'),(480,'college',7,'en'),(481,'out',3,'en'),(482,'transfer',8,'en'),(483,'reply',5,'en'),(484,'blink',5,'en'),(485,'timber',6,'en'),(486,'tuck',4,'en'),(487,'stir',4,'en'),(488,'the',3,'en'),(489,'overcome',8,'en'),(490,'subtle',6,'en'),(491,'partial',7,'en'),(492,'primarily',9,'en'),(493,'unit',4,'en'),(494,'divine',6,'en'),(495,'wake',4,'en'),(496,'comedy',6,'en'),(497,'voluntary',9,'en'),(498,'live',4,'en'),(499,'costume',7,'en'),(500,'rapidly',7,'en'),(501,'overnight',9,'en'),(502,'straight',8,'en'),(503,'cap',3,'en'),(504,'thereby',7,'en'),(505,'slice',5,'en'),(506,'father',6,'en'),(507,'everywhere',10,'en'),(508,'institutional',13,'en'),(509,'lecture',7,'en'),(510,'fan',3,'en'),(511,'poet',4,'en'),(512,'whip',4,'en'),(513,'agent',5,'en'),(514,'selected',8,'en'),(515,'feminist',8,'en'),(516,'intelligence',12,'en'),(517,'boat',4,'en'),(518,'senior',6,'en'),(519,'cake',4,'en'),(520,'agriculture',11,'en'),(521,'reminder',8,'en'),(522,'crime',5,'en'),(523,'pine',4,'en'),(524,'advocate',8,'en'),(525,'equip',5,'en'),(526,'difficult',9,'en'),(527,'team',4,'en'),(528,'oral',4,'en'),(529,'one',3,'en'),(530,'tumor',5,'en'),(531,'contest',7,'en'),(532,'cholesterol',11,'en'),(533,'implication',11,'en'),(534,'electronics',11,'en'),(535,'missile',7,'en'),(536,'canvas',6,'en'),(537,'tourist',7,'en'),(538,'internal',8,'en'),(539,'more',4,'en'),(540,'fantasy',7,'en'),(541,'assignment',10,'en'),(542,'wrong',5,'en'),(543,'tray',4,'en'),(544,'openly',6,'en'),(545,'donor',5,'en'),(546,'finance',7,'en'),(547,'manner',6,'en'),(548,'girlfriend',10,'en'),(549,'tiny',4,'en'),(550,'vital',5,'en'),(551,'invitation',10,'en'),(552,'drill',5,'en'),(553,'trial',5,'en'),(554,'lion',4,'en'),(555,'safety',6,'en'),(556,'funny',5,'en'),(557,'display',7,'en'),(558,'themselves',10,'en'),(559,'increasing',10,'en'),(560,'withdraw',8,'en'),(561,'queen',5,'en'),(562,'signal',6,'en'),(563,'lost',4,'en'),(564,'visitor',7,'en'),(565,'elder',5,'en'),(566,'they',4,'en'),(567,'liability',9,'en'),(568,'seal',4,'en'),(569,'avoid',5,'en'),(570,'suspect',7,'en'),(571,'survival',8,'en'),(572,'share',5,'en'),(573,'cliff',5,'en'),(574,'initiative',10,'en'),(575,'pregnant',8,'en'),(576,'rage',4,'en'),(577,'activity',8,'en'),(578,'simple',6,'en'),(579,'mentally',8,'en'),(580,'every',5,'en'),(581,'retain',6,'en'),(582,'appreciate',10,'en'),(583,'ass',3,'en'),(584,'considerably',12,'en'),(585,'read',4,'en'),(586,'arena',5,'en'),(587,'gym',3,'en'),(588,'existing',8,'en'),(589,'metropolitan',12,'en'),(590,'well-known',10,'en'),(591,'game',4,'en'),(592,'surface',7,'en'),(593,'rival',5,'en'),(594,'chemistry',9,'en'),(595,'dilemma',7,'en'),(596,'advanced',8,'en'),(597,'movie',5,'en'),(598,'stretch',7,'en'),(599,'haul',4,'en'),(600,'eat',3,'en'),(601,'sigh',4,'en'),(602,'lamp',4,'en'),(603,'bureau',6,'en'),(604,'religious',9,'en'),(605,'asleep',6,'en'),(606,'form',4,'en'),(607,'manufacturing',13,'en'),(608,'pulse',5,'en'),(609,'intent',6,'en'),(610,'abortion',8,'en'),(611,'stare',5,'en'),(612,'corridor',8,'en'),(613,'shot',4,'en'),(614,'promotion',9,'en'),(615,'tide',4,'en'),(616,'likely',6,'en'),(617,'cocaine',7,'en'),(618,'never',5,'en'),(619,'sand',4,'en'),(620,'surprisingly',12,'en'),(621,'indigenous',10,'en'),(622,'cloth',5,'en'),(623,'think',5,'en'),(624,'either',6,'en'),(625,'imagine',7,'en'),(626,'familiar',8,'en'),(627,'derive',6,'en'),(628,'easy',4,'en'),(629,'illusion',8,'en'),(630,'make',4,'en'),(631,'clinical',8,'en'),(632,'genre',5,'en'),(633,'test',4,'en'),(634,'moment',6,'en'),(635,'liberty',7,'en'),(636,'highway',7,'en'),(637,'holy',4,'en'),(638,'momentum',8,'en'),(639,'turkey',6,'en'),(640,'invention',9,'en'),(641,'democracy',9,'en'),(642,'clean',5,'en'),(643,'length',6,'en'),(644,'simultaneously',14,'en'),(645,'treatment',9,'en'),(646,'soldier',7,'en'),(647,'pressure',8,'en'),(648,'access',6,'en'),(649,'harassment',10,'en'),(650,'works',5,'en'),(651,'aid',3,'en'),(652,'ancient',7,'en'),(653,'chance',6,'en'),(654,'gay',3,'en'),(655,'builder',7,'en'),(656,'columnist',9,'en'),(657,'chase',5,'en'),(658,'sock',4,'en'),(659,'stack',5,'en'),(660,'dramatically',12,'en'),(661,'period',6,'en'),(662,'tough',5,'en'),(663,'emerge',6,'en'),(664,'component',9,'en'),(665,'industrial',10,'en'),(666,'diminish',8,'en'),(667,'else',4,'en'),(668,'choose',6,'en'),(669,'devote',6,'en'),(670,'assist',6,'en'),(671,'foreigner',9,'en'),(672,'explicit',8,'en'),(673,'appearance',10,'en'),(674,'song',4,'en'),(675,'engage',6,'en'),(676,'specialize',10,'en'),(677,'clay',4,'en'),(678,'ruin',4,'en'),(679,'pen',3,'en'),(680,'compound',8,'en'),(681,'wisdom',6,'en'),(682,'designer',8,'en'),(683,'lawyer',6,'en'),(684,'look',4,'en'),(685,'package',7,'en'),(686,'pretend',7,'en'),(687,'educational',11,'en'),(688,'support',7,'en'),(689,'strategy',8,'en'),(690,'crowded',7,'en'),(691,'rural',5,'en'),(692,'reliable',8,'en'),(693,'extension',9,'en'),(694,'region',6,'en'),(695,'salmon',6,'en'),(696,'agreement',9,'en'),(697,'fishing',7,'en'),(698,'export',6,'en'),(699,'specify',7,'en'),(700,'trail',5,'en'),(701,'seven',5,'en'),(702,'transportation',14,'en'),(703,'loss',4,'en'),(704,'domestic',8,'en'),(705,'Democrat',8,'en'),(706,'mortality',9,'en'),(707,'substantially',13,'en'),(708,'ability',7,'en'),(709,'speed',5,'en'),(710,'headquarters',12,'en'),(711,'bulb',4,'en'),(712,'factory',7,'en'),(713,'institution',11,'en'),(714,'dismiss',7,'en'),(715,'impressive',10,'en'),(716,'spiritual',9,'en'),(717,'spare',5,'en'),(718,'romantic',8,'en'),(719,'before',6,'en'),(720,'pattern',7,'en'),(721,'metal',5,'en'),(722,'constitute',10,'en'),(723,'inspector',9,'en'),(724,'produce',7,'en'),(725,'whenever',8,'en'),(726,'scholar',7,'en'),(727,'pepper',6,'en'),(728,'disturbing',10,'en'),(729,'singer',6,'en'),(730,'basket',6,'en'),(731,'border',6,'en'),(732,'decision',8,'en'),(733,'Indian',6,'en'),(734,'devil',5,'en'),(735,'newspaper',9,'en'),(736,'music',5,'en'),(737,'company',7,'en'),(738,'depth',5,'en'),(739,'pair',4,'en'),(740,'bold',4,'en'),(741,'guitar',6,'en'),(742,'shock',5,'en'),(743,'testimony',9,'en'),(744,'enough',6,'en'),(745,'starter',7,'en'),(746,'space',5,'en'),(747,'loyalty',7,'en'),(748,'physically',10,'en'),(749,'quality',7,'en'),(750,'loud',4,'en'),(751,'disagree',8,'en'),(752,'weak',4,'en'),(753,'experience',10,'en'),(754,'square',6,'en'),(755,'scandal',7,'en'),(756,'milk',4,'en'),(757,'brain',5,'en'),(758,'take',4,'en'),(759,'hurry',5,'en'),(760,'cry',3,'en'),(761,'sensitive',9,'en'),(762,'abstract',8,'en'),(763,'list',4,'en'),(764,'lover',5,'en'),(765,'strange',7,'en'),(766,'province',8,'en'),(767,'fight',5,'en'),(768,'suburban',8,'en'),(769,'tree',4,'en'),(770,'consideration',13,'en'),(771,'insect',6,'en'),(772,'interfere',9,'en'),(773,'acquisition',11,'en'),(774,'positive',8,'en'),(775,'regular',7,'en'),(776,'behavioral',10,'en'),(777,'chronic',7,'en'),(778,'dream',5,'en'),(779,'slightly',8,'en'),(780,'utilize',7,'en'),(781,'ignore',6,'en'),(782,'contribute',10,'en'),(783,'pole',4,'en'),(784,'everyday',8,'en'),(785,'curious',7,'en'),(786,'drum',4,'en'),(787,'profound',8,'en'),(788,'clue',4,'en'),(789,'wise',4,'en'),(790,'reduce',6,'en'),(791,'shell',5,'en'),(792,'lucky',5,'en'),(793,'bitter',6,'en'),(794,'wheel',5,'en'),(795,'settlement',10,'en'),(796,'version',7,'en'),(797,'moral',5,'en'),(798,'sorry',5,'en'),(799,'place',5,'en'),(800,'between',7,'en'),(801,'so-called',9,'en'),(802,'which',5,'en'),(803,'student',7,'en'),(804,'o\'clock',7,'en'),(805,'onto',4,'en'),(806,'basic',5,'en'),(807,'swim',4,'en'),(808,'library',7,'en'),(809,'individual',10,'en'),(810,'drunk',5,'en'),(811,'regardless',10,'en'),(812,'workplace',9,'en'),(813,'her',3,'en'),(814,'blood',5,'en'),(815,'philosophy',10,'en'),(816,'or',2,'en'),(817,'tear',4,'en'),(818,'seemingly',9,'en'),(819,'burden',6,'en'),(820,'oak',3,'en'),(821,'slave',5,'en'),(822,'claim',5,'en'),(823,'transport',9,'en'),(824,'changing',8,'en'),(825,'priest',6,'en'),(826,'ski',3,'en'),(827,'troop',5,'en'),(828,'severe',6,'en'),(829,'medal',5,'en'),(830,'consistent',10,'en'),(831,'gap',3,'en'),(832,'behalf',6,'en'),(833,'refugee',7,'en'),(834,'subject',7,'en'),(835,'qualify',7,'en'),(836,'membership',10,'en'),(837,'governor',8,'en'),(838,'breast',6,'en'),(839,'rack',4,'en'),(840,'rare',4,'en'),(841,'show',4,'en'),(842,'brave',5,'en'),(843,'wooden',6,'en'),(844,'bench',5,'en'),(845,'service',7,'en'),(846,'suit',4,'en'),(847,'bathroom',8,'en'),(848,'fucking',7,'en'),(849,'passenger',9,'en'),(850,'command',7,'en'),(851,'praise',6,'en'),(852,'repeat',6,'en'),(853,'law',3,'en'),(854,'sun',3,'en'),(855,'observation',11,'en'),(856,'specialist',10,'en'),(857,'popular',7,'en'),(858,'exhibit',7,'en'),(859,'syndrome',8,'en'),(860,'closest',7,'en'),(861,'craft',5,'en'),(862,'opera',5,'en'),(863,'what',4,'en'),(864,'establish',9,'en'),(865,'even',4,'en'),(866,'twist',5,'en'),(867,'spill',5,'en'),(868,'bottom',6,'en'),(869,'part',4,'en'),(870,'commission',10,'en'),(871,'innovation',10,'en'),(872,'similarity',10,'en'),(873,'rebuild',7,'en'),(874,'situation',9,'en'),(875,'hundred',7,'en'),(876,'theology',8,'en'),(877,'slope',5,'en'),(878,'obligation',10,'en'),(879,'cycle',5,'en'),(880,'forgive',7,'en'),(881,'mood',4,'en'),(882,'couch',5,'en'),(883,'mental',6,'en'),(884,'mouth',5,'en'),(885,'imply',5,'en'),(886,'bond',4,'en'),(887,'found',5,'en'),(888,'free',4,'en'),(889,'folk',4,'en'),(890,'sustain',7,'en'),(891,'correctly',9,'en'),(892,'physics',7,'en'),(893,'psychologist',12,'en'),(894,'tight',5,'en'),(895,'legacy',6,'en'),(896,'ribbon',6,'en'),(897,'long',4,'en'),(898,'measurement',11,'en'),(899,'paint',5,'en'),(900,'pay',3,'en'),(901,'stay',4,'en'),(902,'thousand',8,'en'),(903,'column',6,'en'),(904,'its',3,'en'),(905,'index',5,'en'),(906,'feature',7,'en'),(907,'poetry',6,'en'),(908,'casualty',8,'en'),(909,'count',5,'en'),(910,'golf',4,'en'),(911,'whether',7,'en'),(912,'tend',4,'en'),(913,'boring',6,'en'),(914,'perspective',11,'en'),(915,'piano',5,'en'),(916,'fairly',6,'en'),(917,'detailed',8,'en'),(918,'carefully',9,'en'),(919,'throat',6,'en'),(920,'modern',6,'en'),(921,'traffic',7,'en'),(922,'unfortunately',13,'en'),(923,'wine',4,'en'),(924,'sponsor',7,'en'),(925,'steel',5,'en'),(926,'medicine',8,'en'),(927,'cab',3,'en'),(928,'owe',3,'en'),(929,'farmer',6,'en'),(930,'animal',6,'en'),(931,'beach',5,'en'),(932,'testify',7,'en'),(933,'virtual',7,'en'),(934,'across',6,'en'),(935,'pack',4,'en'),(936,'reservation',11,'en'),(937,'very',4,'en'),(938,'total',5,'en'),(939,'anything',8,'en'),(940,'arrest',6,'en'),(941,'endorse',7,'en'),(942,'no',2,'en'),(943,'boil',4,'en'),(944,'too',3,'en'),(945,'image',5,'en'),(946,'crop',4,'en'),(947,'database',8,'en'),(948,'drawer',6,'en'),(949,'teach',5,'en'),(950,'fleet',5,'en'),(951,'hesitate',8,'en'),(952,'offense',7,'en'),(953,'crew',4,'en'),(954,'learn',5,'en'),(955,'somewhat',8,'en'),(956,'such',4,'en'),(957,'superior',8,'en'),(958,'hotel',5,'en'),(959,'statistical',11,'en'),(960,'regarding',9,'en'),(961,'assault',7,'en'),(962,'drag',4,'en'),(963,'next',4,'en'),(964,'harm',4,'en'),(965,'revolutionary',13,'en'),(966,'bombing',7,'en'),(967,'operating',9,'en'),(968,'ocean',5,'en'),(969,'crack',5,'en'),(970,'satisfaction',12,'en'),(971,'album',5,'en'),(972,'beneath',7,'en'),(973,'publicly',8,'en'),(974,'adventure',9,'en'),(975,'bishop',6,'en'),(976,'double',6,'en'),(977,'dry',3,'en'),(978,'shallow',7,'en'),(979,'national',8,'en'),(980,'tail',4,'en'),(981,'planet',6,'en'),(982,'pain',4,'en'),(983,'gaze',4,'en'),(984,'proposed',8,'en'),(985,'temperature',11,'en'),(986,'give',4,'en'),(987,'station',7,'en'),(988,'only',4,'en'),(989,'manager',7,'en'),(990,'overwhelming',12,'en'),(991,'account',7,'en'),(992,'basically',9,'en'),(993,'body',4,'en'),(994,'sneak',5,'en'),(995,'answer',6,'en'),(996,'assemble',8,'en'),(997,'panic',5,'en'),(998,'Mr',2,'en'),(999,'parking',7,'en'),(1000,'seem',4,'en'),(1001,'instructional',13,'en'),(1002,'change',6,'en'),(1003,'comprehensive',13,'en'),(1004,'valid',5,'en'),(1005,'finding',7,'en'),(1006,'volunteer',9,'en'),(1007,'lie',3,'en'),(1008,'AM',2,'en'),(1009,'barrel',6,'en'),(1010,'closed',6,'en'),(1011,'ghost',5,'en'),(1012,'wonder',6,'en'),(1013,'domain',6,'en'),(1014,'mentor',6,'en'),(1015,'each',4,'en'),(1016,'illustrate',10,'en'),(1017,'flesh',5,'en'),(1018,'pension',7,'en'),(1019,'unfair',6,'en'),(1020,'endure',6,'en'),(1021,'toy',3,'en'),(1022,'outdoor',7,'en'),(1023,'nasty',5,'en'),(1024,'population',10,'en'),(1025,'age',3,'en'),(1026,'beginning',9,'en'),(1027,'reduction',9,'en'),(1028,'per',3,'en'),(1029,'suspicion',9,'en'),(1030,'consciousness',13,'en'),(1031,'add',3,'en'),(1032,'glad',4,'en'),(1033,'develop',7,'en'),(1034,'homework',8,'en'),(1035,'tube',4,'en'),(1036,'meantime',8,'en'),(1037,'miss',4,'en'),(1038,'virtually',9,'en'),(1039,'projection',10,'en'),(1040,'stone',5,'en'),(1041,'disability',10,'en'),(1042,'come',4,'en'),(1043,'top',3,'en'),(1044,'weird',5,'en'),(1045,'provider',8,'en'),(1046,'mountain',8,'en'),(1047,'tournament',10,'en'),(1048,'mention',7,'en'),(1049,'galaxy',6,'en'),(1050,'United',6,'en'),(1051,'gang',4,'en'),(1052,'collect',7,'en'),(1053,'heart',5,'en'),(1054,'office',6,'en'),(1055,'resist',6,'en'),(1056,'according',9,'en'),(1057,'eleven',6,'en'),(1058,'construct',9,'en'),(1059,'side',4,'en'),(1060,'earth',5,'en'),(1061,'disclose',8,'en'),(1062,'rose',4,'en'),(1063,'preliminary',11,'en'),(1064,'coordinator',11,'en'),(1065,'stair',5,'en'),(1066,'yellow',6,'en'),(1067,'custody',7,'en'),(1068,'monument',8,'en'),(1069,'blame',5,'en'),(1070,'wet',3,'en'),(1071,'acknowledge',11,'en'),(1072,'thanks',6,'en'),(1073,'cooperate',9,'en'),(1074,'hay',3,'en'),(1075,'loyal',5,'en'),(1076,'theory',6,'en'),(1077,'work',4,'en'),(1078,'flavor',6,'en'),(1079,'utility',7,'en'),(1080,'point',5,'en'),(1081,'triumph',7,'en'),(1082,'juror',5,'en'),(1083,'supportive',10,'en'),(1084,'roll',4,'en'),(1085,'criticism',9,'en'),(1086,'meaning',7,'en'),(1087,'jaw',3,'en'),(1088,'lawn',4,'en'),(1089,'engagement',10,'en'),(1090,'shopping',8,'en'),(1091,'sexuality',9,'en'),(1092,'have',4,'en'),(1093,'excessive',9,'en'),(1094,'explode',7,'en'),(1095,'teenager',8,'en'),(1096,'device',6,'en'),(1097,'soak',4,'en'),(1098,'eliminate',9,'en'),(1099,'sunny',5,'en'),(1100,'lately',6,'en'),(1101,'jury',4,'en'),(1102,'scenario',8,'en'),(1103,'headline',8,'en'),(1104,'transmission',12,'en'),(1105,'pride',5,'en'),(1106,'writing',7,'en'),(1107,'immigration',11,'en'),(1108,'honor',5,'en'),(1109,'wear',4,'en'),(1110,'suddenly',8,'en'),(1111,'welfare',7,'en'),(1112,'pin',3,'en'),(1113,'African-American',16,'en'),(1114,'pig',3,'en'),(1115,'doctrine',8,'en'),(1116,'lack',4,'en'),(1117,'prize',5,'en'),(1118,'art',3,'en'),(1119,'exclude',7,'en'),(1120,'mate',4,'en'),(1121,'amazing',7,'en'),(1122,'translation',11,'en'),(1123,'integrity',9,'en'),(1124,'wipe',4,'en'),(1125,'among',5,'en'),(1126,'cheer',5,'en'),(1127,'slowly',6,'en'),(1128,'cloud',5,'en'),(1129,'classroom',9,'en'),(1130,'drama',5,'en'),(1131,'distinct',8,'en'),(1132,'shout',5,'en'),(1133,'purpose',7,'en'),(1134,'terrain',7,'en'),(1135,'equal',5,'en'),(1136,'pickup',6,'en'),(1137,'do',2,'en'),(1138,'heel',4,'en'),(1139,'hormone',7,'en'),(1140,'ceremony',8,'en'),(1141,'type',4,'en'),(1142,'due',3,'en'),(1143,'bet',3,'en'),(1144,'bid',3,'en'),(1145,'layer',5,'en'),(1146,'property',8,'en'),(1147,'update',6,'en'),(1148,'revelation',10,'en'),(1149,'approve',7,'en'),(1150,'scatter',7,'en'),(1151,'encourage',9,'en'),(1152,'breakfast',9,'en'),(1153,'expertise',9,'en'),(1154,'install',7,'en'),(1155,'smoke',5,'en'),(1156,'price',5,'en'),(1157,'compensation',12,'en'),(1158,'smooth',6,'en'),(1159,'definition',10,'en'),(1160,'shed',4,'en'),(1161,'reward',6,'en'),(1162,'none',4,'en'),(1163,'troubled',8,'en'),(1164,'public',6,'en'),(1165,'tonight',7,'en'),(1166,'sensitivity',11,'en'),(1167,'analyze',7,'en'),(1168,'then',4,'en'),(1169,'quite',5,'en'),(1170,'trash',5,'en'),(1171,'constantly',10,'en'),(1172,'undergo',7,'en'),(1173,'culture',7,'en'),(1174,'call',4,'en'),(1175,'campaign',8,'en'),(1176,'e-mail',6,'en'),(1177,'circumstance',12,'en'),(1178,'along',5,'en'),(1179,'mistake',7,'en'),(1180,'recent',6,'en'),(1181,'pot',3,'en'),(1182,'bride',5,'en'),(1183,'riot',4,'en'),(1184,'amount',6,'en'),(1185,'cemetery',8,'en'),(1186,'era',3,'en'),(1187,'maintenance',11,'en'),(1188,'ring',4,'en'),(1189,'community',9,'en'),(1190,'print',5,'en'),(1191,'country',7,'en'),(1192,'distance',8,'en'),(1193,'a',1,'en'),(1194,'right',5,'en'),(1195,'stupid',6,'en'),(1196,'chicken',7,'en'),(1197,'faculty',7,'en'),(1198,'comprise',8,'en'),(1199,'conscious',9,'en'),(1200,'wild',4,'en'),(1201,'string',6,'en'),(1202,'blast',5,'en'),(1203,'reason',6,'en'),(1204,'again',5,'en'),(1205,'airplane',8,'en'),(1206,'oil',3,'en'),(1207,'catch',5,'en'),(1208,'fail',4,'en'),(1209,'creation',8,'en'),(1210,'predator',8,'en'),(1211,'introduction',12,'en'),(1212,'justify',7,'en'),(1213,'protest',7,'en'),(1214,'assert',6,'en'),(1215,'artificial',10,'en'),(1216,'leader',6,'en'),(1217,'appropriate',11,'en'),(1218,'porch',5,'en'),(1219,'net',3,'en'),(1220,'star',4,'en'),(1221,'pan',3,'en'),(1222,'career',6,'en'),(1223,'lift',4,'en'),(1224,'coach',5,'en'),(1225,'penalty',7,'en'),(1226,'candle',6,'en'),(1227,'legal',5,'en'),(1228,'judgment',8,'en'),(1229,'prisoner',8,'en'),(1230,'rental',6,'en'),(1231,'psychology',10,'en'),(1232,'threaten',8,'en'),(1233,'chart',5,'en'),(1234,'tennis',6,'en'),(1235,'soup',4,'en'),(1236,'swimming',8,'en'),(1237,'architecture',12,'en'),(1238,'victim',6,'en'),(1239,'welcome',7,'en'),(1240,'added',5,'en'),(1241,'he',2,'en'),(1242,'bacteria',8,'en'),(1243,'exhaust',7,'en'),(1244,'spray',5,'en'),(1245,'drive',5,'en'),(1246,'re',2,'en'),(1247,'Hispanic',8,'en'),(1248,'intimate',8,'en'),(1249,'violation',9,'en'),(1250,'portion',7,'en'),(1251,'cultural',8,'en'),(1252,'league',6,'en'),(1253,'marriage',8,'en'),(1254,'shine',5,'en'),(1255,'single',6,'en'),(1256,'participant',11,'en'),(1257,'cargo',5,'en'),(1258,'therapy',7,'en'),(1259,'jurisdiction',12,'en'),(1260,'lead',4,'en'),(1261,'consequently',12,'en'),(1262,'original',8,'en'),(1263,'date',4,'en'),(1264,'day',3,'en'),(1265,'build',5,'en'),(1266,'denial',6,'en'),(1267,'please',6,'en'),(1268,'dinner',6,'en'),(1269,'meal',4,'en'),(1270,'whisper',7,'en'),(1271,'exception',9,'en'),(1272,'any',3,'en'),(1273,'urban',5,'en'),(1274,'target',6,'en'),(1275,'run',3,'en'),(1276,'contend',7,'en'),(1277,'explosion',9,'en'),(1278,'onion',5,'en'),(1279,'lung',4,'en'),(1280,'annually',8,'en'),(1281,'survivor',8,'en'),(1282,'emerging',8,'en'),(1283,'excuse',6,'en'),(1284,'instance',8,'en'),(1285,'response',8,'en'),(1286,'convict',7,'en'),(1287,'mean',4,'en'),(1288,'favorable',9,'en'),(1289,'fifteen',7,'en'),(1290,'sympathy',8,'en'),(1291,'fixed',5,'en'),(1292,'instantly',9,'en'),(1293,'knee',4,'en'),(1294,'degree',6,'en'),(1295,'front',5,'en'),(1296,'biography',9,'en'),(1297,'partially',9,'en'),(1298,'beauty',6,'en'),(1299,'pond',4,'en'),(1300,'bedroom',7,'en'),(1301,'slavery',7,'en'),(1302,'sodium',6,'en'),(1303,'ecosystem',9,'en'),(1304,'together',8,'en'),(1305,'effort',6,'en'),(1306,'expense',7,'en'),(1307,'casual',6,'en'),(1308,'emergency',9,'en'),(1309,'novel',5,'en'),(1310,'two',3,'en'),(1311,'festival',8,'en'),(1312,'extraordinary',13,'en'),(1313,'fine',4,'en'),(1314,'tradition',9,'en'),(1315,'musician',8,'en'),(1316,'prevent',7,'en'),(1317,'hungry',6,'en'),(1318,'external',8,'en'),(1319,'contrast',8,'en'),(1320,'while',5,'en'),(1321,'knife',5,'en'),(1322,'companion',9,'en'),(1323,'impress',7,'en'),(1324,'tongue',6,'en'),(1325,'seat',4,'en'),(1326,'meanwhile',9,'en'),(1327,'brother',7,'en'),(1328,'administration',14,'en'),(1329,'bug',3,'en'),(1330,'labor',5,'en'),(1331,'currency',8,'en'),(1332,'argue',5,'en'),(1333,'Mrs',3,'en'),(1334,'though',6,'en'),(1335,'chip',4,'en'),(1336,'process',7,'en'),(1337,'our',3,'en'),(1338,'discover',8,'en'),(1339,'contemplate',11,'en'),(1340,'portray',7,'en'),(1341,'complex',7,'en'),(1342,'deep',4,'en'),(1343,'flash',5,'en'),(1344,'bucket',6,'en'),(1345,'risk',4,'en'),(1346,'sweet',5,'en'),(1347,'reverse',7,'en'),(1348,'cart',4,'en'),(1349,'viewer',6,'en'),(1350,'standing',8,'en'),(1351,'flood',5,'en'),(1352,'other',5,'en'),(1353,'economically',12,'en'),(1354,'armed',5,'en'),(1355,'shove',5,'en'),(1356,'far',3,'en'),(1357,'buy',3,'en'),(1358,'trauma',6,'en'),(1359,'consult',7,'en'),(1360,'candy',5,'en'),(1361,'should',6,'en'),(1362,'many',4,'en'),(1363,'specific',8,'en'),(1364,'frozen',6,'en'),(1365,'safe',4,'en'),(1366,'instant',7,'en'),(1367,'rice',4,'en'),(1368,'donation',8,'en'),(1369,'love',4,'en'),(1370,'construction',12,'en'),(1371,'choice',6,'en'),(1372,'finish',6,'en'),(1373,'stranger',8,'en'),(1374,'competitor',10,'en'),(1375,'verbal',6,'en'),(1376,'entertainment',13,'en'),(1377,'toilet',6,'en'),(1378,'Chinese',7,'en'),(1379,'rifle',5,'en'),(1380,'committee',9,'en'),(1381,'punishment',10,'en'),(1382,'objection',9,'en'),(1383,'unity',5,'en'),(1384,'knock',5,'en'),(1385,'conclusion',10,'en'),(1386,'bat',3,'en'),(1387,'ruling',6,'en'),(1388,'commercial',10,'en'),(1389,'visit',5,'en'),(1390,'fog',3,'en'),(1391,'sad',3,'en'),(1392,'rear',4,'en'),(1393,'entrance',8,'en'),(1394,'enact',5,'en'),(1395,'grant',5,'en'),(1396,'fare',4,'en'),(1397,'distribute',10,'en'),(1398,'online',6,'en'),(1399,'integrate',9,'en'),(1400,'inner',5,'en'),(1401,'contributor',11,'en'),(1402,'cottage',7,'en'),(1403,'firmly',6,'en'),(1404,'fix',3,'en'),(1405,'coverage',8,'en'),(1406,'stability',9,'en'),(1407,'cure',4,'en'),(1408,'base',4,'en'),(1409,'not',3,'en'),(1410,'racial',6,'en'),(1411,'warehouse',9,'en'),(1412,'pure',4,'en'),(1413,'promote',7,'en'),(1414,'separate',8,'en'),(1415,'dad',3,'en'),(1416,'rapid',5,'en'),(1417,'twice',5,'en'),(1418,'oven',4,'en'),(1419,'new',3,'en'),(1420,'poverty',7,'en'),(1421,'status',6,'en'),(1422,'anybody',7,'en'),(1423,'arrive',6,'en'),(1424,'depression',10,'en'),(1425,'special',7,'en'),(1426,'passion',7,'en'),(1427,'combination',11,'en'),(1428,'commissioner',12,'en'),(1429,'twin',4,'en'),(1430,'debate',6,'en'),(1431,'leather',7,'en'),(1432,'decent',6,'en'),(1433,'system',6,'en'),(1434,'lip',3,'en'),(1435,'yell',4,'en'),(1436,'clip',4,'en'),(1437,'halfway',7,'en'),(1438,'widespread',10,'en'),(1439,'coming',6,'en'),(1440,'end',3,'en'),(1441,'cow',3,'en'),(1442,'wind',4,'en'),(1443,'up',2,'en'),(1444,'installation',12,'en'),(1445,'youngster',9,'en'),(1446,'emission',8,'en'),(1447,'accident',8,'en'),(1448,'electricity',11,'en'),(1449,'pick',4,'en'),(1450,'juice',5,'en'),(1451,'elaborate',9,'en'),(1452,'existence',9,'en'),(1453,'strict',6,'en'),(1454,'flour',5,'en'),(1455,'secondary',9,'en'),(1456,'educate',7,'en'),(1457,'easily',6,'en'),(1458,'carpet',6,'en'),(1459,'person',6,'en'),(1460,'implement',9,'en'),(1461,'almost',6,'en'),(1462,'Bible',5,'en'),(1463,'suspend',7,'en'),(1464,'dust',4,'en'),(1465,'however',7,'en'),(1466,'of',2,'en'),(1467,'greet',5,'en'),(1468,'treasure',8,'en'),(1469,'dot',3,'en'),(1470,'bread',5,'en'),(1471,'CEO',3,'en'),(1472,'actress',7,'en'),(1473,'draw',4,'en'),(1474,'champion',8,'en'),(1475,'estimate',8,'en'),(1476,'reputation',10,'en'),(1477,'acceptance',10,'en'),(1478,'civilization',12,'en'),(1479,'usual',5,'en'),(1480,'demonstrate',11,'en'),(1481,'officer',7,'en'),(1482,'invent',6,'en'),(1483,'ideological',11,'en'),(1484,'kid',3,'en'),(1485,'nowhere',7,'en'),(1486,'painter',7,'en'),(1487,'decrease',8,'en'),(1488,'consumer',8,'en'),(1489,'unemployment',12,'en'),(1490,'simply',6,'en'),(1491,'nutrient',8,'en'),(1492,'angry',5,'en'),(1493,'provoke',7,'en'),(1494,'building',8,'en'),(1495,'butter',6,'en'),(1496,'question',8,'en'),(1497,'expectation',11,'en'),(1498,'coffee',6,'en'),(1499,'sacred',6,'en'),(1500,'so',2,'en'),(1501,'kingdom',7,'en'),(1502,'sort',4,'en'),(1503,'tightly',7,'en'),(1504,'road',4,'en'),(1505,'middle',6,'en'),(1506,'gas',3,'en'),(1507,'handful',7,'en'),(1508,'interview',9,'en'),(1509,'intellectual',12,'en'),(1510,'duty',4,'en'),(1511,'journey',7,'en'),(1512,'sight',5,'en'),(1513,'grip',4,'en'),(1514,'adequate',8,'en'),(1515,'vs',2,'en'),(1516,'giant',5,'en'),(1517,'regret',6,'en'),(1518,'ethnic',6,'en'),(1519,'step',4,'en'),(1520,'brush',5,'en'),(1521,'clinic',6,'en'),(1522,'entry',5,'en'),(1523,'belong',6,'en'),(1524,'spine',5,'en'),(1525,'theme',5,'en'),(1526,'thirty',6,'en'),(1527,'leap',4,'en'),(1528,'medication',10,'en'),(1529,'blond',5,'en'),(1530,'magnetic',8,'en'),(1531,'scratch',7,'en'),(1532,'furniture',9,'en'),(1533,'wait',4,'en'),(1534,'wash',4,'en'),(1535,'missing',7,'en'),(1536,'aspect',6,'en'),(1537,'attribute',9,'en'),(1538,'sin',3,'en'),(1539,'soul',4,'en'),(1540,'male',4,'en'),(1541,'nationwide',10,'en'),(1542,'criteria',8,'en'),(1543,'chin',4,'en'),(1544,'remark',6,'en'),(1545,'agree',5,'en'),(1546,'brake',5,'en'),(1547,'accusation',10,'en'),(1548,'girl',4,'en'),(1549,'payment',7,'en'),(1550,'allegation',10,'en'),(1551,'reflect',7,'en'),(1552,'rhetoric',8,'en'),(1553,'row',3,'en'),(1554,'season',6,'en'),(1555,'elect',5,'en'),(1556,'argument',8,'en'),(1557,'accent',6,'en'),(1558,'there',5,'en'),(1559,'data',4,'en'),(1560,'scheme',6,'en'),(1561,'abroad',6,'en'),(1562,'missionary',10,'en'),(1563,'continue',8,'en'),(1564,'actually',8,'en'),(1565,'mask',4,'en'),(1566,'cling',5,'en'),(1567,'entire',6,'en'),(1568,'exit',4,'en'),(1569,'charge',6,'en'),(1570,'coat',4,'en'),(1571,'combat',6,'en'),(1572,'confirm',7,'en'),(1573,'honey',5,'en'),(1574,'instinct',8,'en'),(1575,'compelling',10,'en'),(1576,'old',3,'en'),(1577,'suburb',6,'en'),(1578,'disorder',8,'en'),(1579,'transform',9,'en'),(1580,'buddy',5,'en'),(1581,'figure',6,'en'),(1582,'trigger',7,'en'),(1583,'root',4,'en'),(1584,'conclude',8,'en'),(1585,'trick',5,'en'),(1586,'household',9,'en'),(1587,'properly',8,'en'),(1588,'understand',10,'en'),(1589,'evident',7,'en'),(1590,'walking',7,'en'),(1591,'removal',7,'en'),(1592,'sound',5,'en'),(1593,'cause',5,'en'),(1594,'fear',4,'en'),(1595,'tie',3,'en'),(1596,'unique',6,'en'),(1597,'people',6,'en'),(1598,'computer',8,'en'),(1599,'vary',4,'en'),(1600,'event',5,'en'),(1601,'throughout',10,'en'),(1602,'year',4,'en'),(1603,'refuse',6,'en'),(1604,'concert',7,'en'),(1605,'sport',5,'en'),(1606,'reserve',7,'en'),(1607,'engineering',11,'en'),(1608,'particularly',12,'en'),(1609,'focus',5,'en'),(1610,'sake',4,'en'),(1611,'chaos',5,'en'),(1612,'elbow',5,'en'),(1613,'mild',4,'en'),(1614,'consent',7,'en'),(1615,'bend',4,'en'),(1616,'rail',4,'en'),(1617,'north',5,'en'),(1618,'east',4,'en'),(1619,'course',6,'en'),(1620,'laser',5,'en'),(1621,'resident',8,'en'),(1622,'invasion',8,'en'),(1623,'civic',5,'en'),(1624,'sufficient',10,'en'),(1625,'romance',7,'en'),(1626,'complaint',9,'en'),(1627,'profession',10,'en'),(1628,'salad',5,'en'),(1629,'surprised',9,'en'),(1630,'request',7,'en'),(1631,'random',6,'en'),(1632,'destroy',7,'en'),(1633,'assume',6,'en'),(1634,'intend',6,'en'),(1635,'intensity',9,'en'),(1636,'tell',4,'en'),(1637,'thumb',5,'en'),(1638,'division',8,'en'),(1639,'gift',4,'en'),(1640,'legally',7,'en'),(1641,'nation',6,'en'),(1642,'incredibly',10,'en'),(1643,'vast',4,'en'),(1644,'logical',7,'en'),(1645,'sugar',5,'en'),(1646,'plain',5,'en'),(1647,'AIDS',4,'en'),(1648,'premise',7,'en'),(1649,'butt',4,'en'),(1650,'faint',5,'en'),(1651,'barely',6,'en'),(1652,'hearing',7,'en'),(1653,'defensive',9,'en'),(1654,'structural',10,'en'),(1655,'pass',4,'en'),(1656,'assistance',10,'en'),(1657,'cream',5,'en'),(1658,'rumor',5,'en'),(1659,'exist',5,'en'),(1660,'to',2,'en'),(1661,'commitment',10,'en'),(1662,'stake',5,'en'),(1663,'dam',3,'en'),(1664,'discussion',10,'en'),(1665,'diamond',7,'en'),(1666,'alien',5,'en'),(1667,'fruit',5,'en'),(1668,'brand',5,'en'),(1669,'bull',4,'en'),(1670,'permit',6,'en'),(1671,'developmental',13,'en'),(1672,'density',7,'en'),(1673,'brutal',6,'en'),(1674,'elderly',7,'en'),(1675,'pro',3,'en'),(1676,'margin',6,'en'),(1677,'carbohydrate',12,'en'),(1678,'convenience',11,'en'),(1679,'Japanese',8,'en'),(1680,'escape',6,'en'),(1681,'loop',4,'en'),(1682,'local',5,'en'),(1683,'location',8,'en'),(1684,'series',6,'en'),(1685,'composition',11,'en'),(1686,'forty',5,'en'),(1687,'ugly',4,'en'),(1688,'capability',10,'en'),(1689,'scare',5,'en'),(1690,'conviction',10,'en'),(1691,'yes',3,'en'),(1692,'meaningful',10,'en'),(1693,'historically',12,'en'),(1694,'earn',4,'en'),(1695,'researcher',10,'en'),(1696,'scene',5,'en'),(1697,'steep',5,'en'),(1698,'winter',6,'en'),(1699,'grandmother',11,'en'),(1700,'departure',9,'en'),(1701,'son',3,'en'),(1702,'close',5,'en'),(1703,'distinctive',11,'en'),(1704,'after',5,'en'),(1705,'silk',4,'en'),(1706,'effectiveness',13,'en'),(1707,'worry',5,'en'),(1708,'for',3,'en'),(1709,'leave',5,'en'),(1710,'somebody',8,'en'),(1711,'these',5,'en'),(1712,'tomato',6,'en'),(1713,'organization',12,'en'),(1714,'apple',5,'en'),(1715,'page',4,'en'),(1716,'same',4,'en'),(1717,'mechanism',9,'en'),(1718,'dominate',8,'en'),(1719,'thought',7,'en'),(1720,'hint',4,'en'),(1721,'television',10,'en'),(1722,'fatal',5,'en'),(1723,'today',5,'en'),(1724,'undergraduate',13,'en'),(1725,'highlight',9,'en'),(1726,'option',6,'en'),(1727,'wing',4,'en'),(1728,'method',6,'en'),(1729,'retailer',8,'en'),(1730,'seminar',7,'en'),(1731,'evidence',8,'en'),(1732,'perfect',7,'en'),(1733,'vitamin',7,'en'),(1734,'wrist',5,'en'),(1735,'originally',10,'en'),(1736,'anonymous',9,'en'),(1737,'cup',3,'en'),(1738,'apply',5,'en'),(1739,'flying',6,'en'),(1740,'convey',6,'en'),(1741,'orbit',5,'en'),(1742,'economic',8,'en'),(1743,'demand',6,'en'),(1744,'candidate',9,'en'),(1745,'citizenship',11,'en'),(1746,'monster',7,'en'),(1747,'German',6,'en'),(1748,'conversion',10,'en'),(1749,'output',6,'en'),(1750,'money',5,'en'),(1751,'quote',5,'en'),(1752,'subsidy',7,'en'),(1753,'rather',6,'en'),(1754,'ordinary',8,'en'),(1755,'import',6,'en'),(1756,'village',7,'en'),(1757,'patient',7,'en'),(1758,'radar',5,'en'),(1759,'comfortable',11,'en'),(1760,'drain',5,'en'),(1761,'famous',6,'en'),(1762,'adult',5,'en'),(1763,'atop',4,'en'),(1764,'boost',5,'en'),(1765,'imagination',11,'en'),(1766,'dealer',6,'en'),(1767,'party',5,'en'),(1768,'logic',5,'en'),(1769,'separation',10,'en'),(1770,'over',4,'en'),(1771,'happen',6,'en'),(1772,'creature',8,'en'),(1773,'businessman',11,'en'),(1774,'pink',4,'en'),(1775,'delay',5,'en'),(1776,'percentage',10,'en'),(1777,'accelerate',10,'en'),(1778,'half',4,'en'),(1779,'extremely',9,'en'),(1780,'sky',3,'en'),(1781,'contract',8,'en'),(1782,'best',4,'en'),(1783,'differently',11,'en'),(1784,'drown',5,'en'),(1785,'significance',12,'en'),(1786,'opening',7,'en'),(1787,'weight',6,'en'),(1788,'join',4,'en'),(1789,'doctor',6,'en'),(1790,'them',4,'en'),(1791,'dish',4,'en'),(1792,'neutral',7,'en'),(1793,'practice',8,'en'),(1794,'greatly',7,'en'),(1795,'equivalent',10,'en'),(1796,'PM',2,'en'),(1797,'merchant',8,'en'),(1798,'rest',4,'en'),(1799,'slide',5,'en'),(1800,'legislative',11,'en'),(1801,'hire',4,'en'),(1802,'settle',6,'en'),(1803,'Korean',6,'en'),(1804,'diverse',7,'en'),(1805,'admission',9,'en'),(1806,'strip',5,'en'),(1807,'celebrity',9,'en'),(1808,'mark',4,'en'),(1809,'breeze',6,'en'),(1810,'deserve',7,'en'),(1811,'herself',7,'en'),(1812,'fierce',6,'en'),(1813,'react',5,'en'),(1814,'excited',7,'en'),(1815,'industry',8,'en'),(1816,'orientation',11,'en'),(1817,'implementation',14,'en'),(1818,'compare',7,'en'),(1819,'detective',9,'en'),(1820,'Republican',10,'en'),(1821,'beam',4,'en'),(1822,'volume',6,'en'),(1823,'friendship',10,'en'),(1824,'exactly',7,'en'),(1825,'generate',8,'en'),(1826,'aluminum',8,'en'),(1827,'network',7,'en'),(1828,'sack',4,'en'),(1829,'massive',7,'en'),(1830,'burning',7,'en'),(1831,'glance',6,'en'),(1832,'documentary',11,'en'),(1833,'publish',7,'en'),(1834,'legend',6,'en'),(1835,'justice',7,'en'),(1836,'significantly',13,'en'),(1837,'blade',5,'en'),(1838,'grave',5,'en'),(1839,'multiple',8,'en'),(1840,'detect',6,'en'),(1841,'social',6,'en'),(1842,'float',5,'en'),(1843,'cave',4,'en'),(1844,'enormous',8,'en'),(1845,'serve',5,'en'),(1846,'difficulty',10,'en'),(1847,'auction',7,'en'),(1848,'parade',6,'en'),(1849,'controversy',11,'en'),(1850,'orange',6,'en'),(1851,'T-shirt',7,'en'),(1852,'doll',4,'en'),(1853,'safely',6,'en'),(1854,'racism',6,'en'),(1855,'alliance',8,'en'),(1856,'loose',5,'en'),(1857,'slam',4,'en'),(1858,'husband',7,'en'),(1859,'pool',4,'en'),(1860,'ball',4,'en'),(1861,'tendency',8,'en'),(1862,'require',7,'en'),(1863,'disabled',8,'en'),(1864,'nobody',6,'en'),(1865,'extend',6,'en'),(1866,'why',3,'en'),(1867,'tale',4,'en'),(1868,'testing',7,'en'),(1869,'discourage',10,'en'),(1870,'Canadian',8,'en'),(1871,'ease',4,'en'),(1872,'shortly',7,'en'),(1873,'global',6,'en'),(1874,'revenue',7,'en'),(1875,'ancestor',8,'en'),(1876,'sleep',5,'en'),(1877,'corner',6,'en'),(1878,'nurse',5,'en'),(1879,'court',5,'en'),(1880,'involvement',11,'en'),(1881,'write',5,'en'),(1882,'raise',5,'en'),(1883,'vacation',8,'en'),(1884,'prevention',10,'en'),(1885,'shall',5,'en'),(1886,'TV',2,'en'),(1887,'leaf',4,'en'),(1888,'range',5,'en'),(1889,'quest',5,'en'),(1890,'availability',12,'en'),(1891,'fast',4,'en'),(1892,'icon',4,'en'),(1893,'especially',10,'en'),(1894,'administrative',14,'en'),(1895,'integrated',10,'en'),(1896,'agricultural',12,'en'),(1897,'touchdown',9,'en'),(1898,'weekly',6,'en'),(1899,'faith',5,'en'),(1900,'county',6,'en'),(1901,'sale',4,'en'),(1902,'approval',8,'en'),(1903,'forum',5,'en'),(1904,'foreign',7,'en'),(1905,'persist',7,'en'),(1906,'wow',3,'en'),(1907,'care',4,'en'),(1908,'sink',4,'en'),(1909,'declare',7,'en'),(1910,'importance',10,'en'),(1911,'preserve',8,'en'),(1912,'document',8,'en'),(1913,'invite',6,'en'),(1914,'crazy',5,'en'),(1915,'reception',9,'en'),(1916,'dock',4,'en'),(1917,'rub',3,'en'),(1918,'few',3,'en'),(1919,'limb',4,'en'),(1920,'exciting',8,'en'),(1921,'structure',9,'en'),(1922,'ok',2,'en'),(1923,'guide',5,'en'),(1924,'calculation',11,'en'),(1925,'popularity',10,'en'),(1926,'hunter',6,'en'),(1927,'barrier',7,'en'),(1928,'interest',8,'en'),(1929,'carrot',6,'en'),(1930,'beard',5,'en'),(1931,'union',5,'en'),(1932,'pilot',5,'en'),(1933,'teacher',7,'en'),(1934,'funding',7,'en'),(1935,'connect',7,'en'),(1936,'pitch',5,'en'),(1937,'stage',5,'en'),(1938,'advice',6,'en'),(1939,'reader',6,'en'),(1940,'cooking',7,'en'),(1941,'assign',6,'en'),(1942,'hill',4,'en'),(1943,'purse',5,'en'),(1944,'application',11,'en'),(1945,'firm',4,'en'),(1946,'married',7,'en'),(1947,'liver',5,'en'),(1948,'observer',8,'en'),(1949,'negative',8,'en'),(1950,'classic',7,'en'),(1951,'political',9,'en'),(1952,'chief',5,'en'),(1953,'administrator',13,'en'),(1954,'spoon',5,'en'),(1955,'runner',6,'en'),(1956,'boom',4,'en'),(1957,'product',7,'en'),(1958,'way',3,'en'),(1959,'relief',6,'en'),(1960,'elevator',8,'en'),(1961,'cite',4,'en'),(1962,'concentration',13,'en'),(1963,'facility',8,'en'),(1964,'priority',8,'en'),(1965,'tank',4,'en'),(1966,'moreover',8,'en'),(1967,'rim',3,'en'),(1968,'PC',2,'en'),(1969,'soft',4,'en'),(1970,'blend',5,'en'),(1971,'category',8,'en'),(1972,'publicity',9,'en'),(1973,'drift',5,'en'),(1974,'entrepreneur',12,'en'),(1975,'record',6,'en'),(1976,'faster',6,'en'),(1977,'note',4,'en'),(1978,'blue',4,'en'),(1979,'on',2,'en'),(1980,'his',3,'en'),(1981,'profile',7,'en'),(1982,'ten',3,'en'),(1983,'breathe',7,'en'),(1984,'heal',4,'en'),(1985,'hers',4,'en'),(1986,'sexually',8,'en'),(1987,'author',6,'en'),(1988,'basement',8,'en'),(1989,'characterize',12,'en'),(1990,'shortage',8,'en'),(1991,'permanent',9,'en'),(1992,'resource',8,'en'),(1993,'monitor',7,'en'),(1994,'uncertainty',11,'en'),(1995,'yard',4,'en'),(1996,'reluctant',9,'en'),(1997,'hat',3,'en'),(1998,'absolutely',10,'en'),(1999,'alone',5,'en'),(2000,'fade',4,'en'),(2001,'pizza',5,'en'),(2002,'trust',5,'en'),(2003,'spread',6,'en'),(2004,'Ms',2,'en'),(2005,'stance',6,'en'),(2006,'filter',6,'en'),(2007,'first',5,'en'),(2008,'scary',5,'en'),(2009,'execution',9,'en'),(2010,'taxpayer',8,'en'),(2011,'health',6,'en'),(2012,'hi',2,'en'),(2013,'indicate',8,'en'),(2014,'when',4,'en'),(2015,'function',8,'en'),(2016,'till',4,'en'),(2017,'letter',6,'en'),(2018,'sometimes',9,'en'),(2019,'increasingly',12,'en'),(2020,'hallway',7,'en'),(2021,'corporation',11,'en'),(2022,'donate',6,'en'),(2023,'someday',7,'en'),(2024,'depend',6,'en'),(2025,'web',3,'en'),(2026,'functional',10,'en'),(2027,'radio',5,'en'),(2028,'surveillance',12,'en'),(2029,'psychological',13,'en'),(2030,'decline',7,'en'),(2031,'automatically',13,'en'),(2032,'book',4,'en'),(2033,'by',2,'en'),(2034,'limitation',10,'en'),(2035,'guilty',6,'en'),(2036,'twenty',6,'en'),(2037,'want',4,'en'),(2038,'legislature',11,'en'),(2039,'floor',5,'en'),(2040,'harmony',7,'en'),(2041,'tourism',7,'en'),(2042,'vegetable',9,'en'),(2043,'extra',5,'en'),(2044,'tire',4,'en'),(2045,'occupy',6,'en'),(2046,'authorize',9,'en'),(2047,'traditional',11,'en'),(2048,'suitable',8,'en'),(2049,'impossible',10,'en'),(2050,'immediately',11,'en'),(2051,'refer',5,'en'),(2052,'respect',7,'en'),(2053,'convinced',9,'en'),(2054,'permission',10,'en'),(2055,'kill',4,'en'),(2056,'spirit',6,'en'),(2057,'collector',9,'en'),(2058,'solution',8,'en'),(2059,'ourselves',9,'en'),(2060,'performance',11,'en'),(2061,'fellow',6,'en'),(2062,'precise',7,'en'),(2063,'us',2,'en'),(2064,'variety',7,'en'),(2065,'ladder',6,'en'),(2066,'distract',8,'en'),(2067,'relation',8,'en'),(2068,'productivity',12,'en'),(2069,'blessing',8,'en'),(2070,'crawl',5,'en'),(2071,'edge',4,'en'),(2072,'republic',8,'en'),(2073,'become',6,'en'),(2074,'time',4,'en'),(2075,'motivate',8,'en'),(2076,'bonus',5,'en'),(2077,'about',5,'en'),(2078,'enhance',7,'en'),(2079,'divorce',7,'en'),(2080,'master',6,'en'),(2081,'flower',6,'en'),(2082,'exceed',6,'en'),(2083,'taste',5,'en'),(2084,'charter',7,'en'),(2085,'post',4,'en'),(2086,'nice',4,'en'),(2087,'consensus',9,'en'),(2088,'kind',4,'en'),(2089,'frown',5,'en'),(2090,'raw',3,'en'),(2091,'rape',4,'en'),(2092,'homeland',8,'en'),(2093,'without',7,'en'),(2094,'setting',7,'en'),(2095,'shy',3,'en'),(2096,'conspiracy',10,'en'),(2097,'frequent',8,'en'),(2098,'backyard',8,'en'),(2099,'outcome',7,'en'),(2100,'great',5,'en'),(2101,'guidance',8,'en'),(2102,'snow',4,'en'),(2103,'concentrate',11,'en'),(2104,'counsel',7,'en'),(2105,'interaction',11,'en'),(2106,'launch',6,'en'),(2107,'endless',7,'en'),(2108,'reform',6,'en'),(2109,'study',5,'en'),(2110,'Islam',5,'en'),(2111,'movement',8,'en'),(2112,'handle',6,'en'),(2113,'vulnerable',10,'en'),(2114,'town',4,'en'),(2115,'innocent',8,'en'),(2116,'jail',4,'en'),(2117,'extreme',7,'en'),(2118,'shit',4,'en'),(2119,'normally',8,'en'),(2120,'balance',7,'en'),(2121,'replace',7,'en'),(2122,'teaching',8,'en'),(2123,'connection',10,'en'),(2124,'include',7,'en'),(2125,'screen',6,'en'),(2126,'bar',3,'en'),(2127,'cartoon',7,'en'),(2128,'dynamic',7,'en'),(2129,'influence',9,'en'),(2130,'environmental',13,'en'),(2131,'soccer',6,'en'),(2132,'dedicate',8,'en'),(2133,'ridge',5,'en'),(2134,'fool',4,'en'),(2135,'urge',4,'en'),(2136,'peaceful',8,'en'),(2137,'name',4,'en'),(2138,'musical',7,'en'),(2139,'affair',6,'en'),(2140,'crash',5,'en'),(2141,'week',4,'en'),(2142,'regime',6,'en'),(2143,'serving',7,'en'),(2144,'determine',9,'en'),(2145,'rubber',6,'en'),(2146,'dog',3,'en'),(2147,'hypothesis',10,'en'),(2148,'effect',6,'en'),(2149,'belt',4,'en'),(2150,'establishment',13,'en'),(2151,'needle',6,'en'),(2152,'style',5,'en'),(2153,'identity',8,'en'),(2154,'waist',5,'en'),(2155,'appointment',11,'en'),(2156,'suggest',7,'en'),(2157,'start',5,'en'),(2158,'garden',6,'en'),(2159,'experiment',10,'en'),(2160,'given',5,'en'),(2161,'huge',4,'en'),(2162,'trading',7,'en'),(2163,'digital',7,'en'),(2164,'deny',4,'en'),(2165,'most',4,'en'),(2166,'disc',4,'en'),(2167,'cruel',5,'en'),(2168,'sweat',5,'en'),(2169,'programming',11,'en'),(2170,'fiscal',6,'en'),(2171,'deliberately',12,'en'),(2172,'guilt',5,'en'),(2173,'envision',8,'en'),(2174,'clothing',8,'en'),(2175,'vaccine',7,'en'),(2176,'historical',10,'en'),(2177,'listen',6,'en'),(2178,'water',5,'en'),(2179,'bankruptcy',10,'en'),(2180,'organ',5,'en'),(2181,'examination',11,'en'),(2182,'send',4,'en'),(2183,'ideology',8,'en'),(2184,'accept',6,'en'),(2185,'bed',3,'en'),(2186,'carve',5,'en'),(2187,'independent',11,'en'),(2188,'police',6,'en'),(2189,'hate',4,'en'),(2190,'retail',6,'en'),(2191,'grandparent',11,'en'),(2192,'precious',8,'en'),(2193,'delivery',8,'en'),(2194,'often',5,'en'),(2195,'bind',4,'en'),(2196,'banking',7,'en'),(2197,'universal',9,'en'),(2198,'plastic',7,'en'),(2199,'legitimate',10,'en'),(2200,'him',3,'en'),(2201,'fifth',5,'en'),(2202,'valley',6,'en'),(2203,'graduate',8,'en'),(2204,'than',4,'en'),(2205,'wealthy',7,'en'),(2206,'beg',3,'en'),(2207,'cheap',5,'en'),(2208,'equation',8,'en'),(2209,'helmet',6,'en'),(2210,'progressive',11,'en'),(2211,'empire',6,'en'),(2212,'interact',8,'en'),(2213,'and/or',6,'en'),(2214,'toe',3,'en'),(2215,'accurate',8,'en'),(2216,'sample',6,'en'),(2217,'dumb',4,'en'),(2218,'block',5,'en'),(2219,'correct',7,'en'),(2220,'sword',5,'en'),(2221,'twelve',6,'en'),(2222,'announce',8,'en'),(2223,'stuff',5,'en'),(2224,'lid',3,'en'),(2225,'medium',6,'en'),(2226,'marry',5,'en'),(2227,'transformation',14,'en'),(2228,'future',6,'en'),(2229,'back',4,'en'),(2230,'word',4,'en'),(2231,'constraint',10,'en'),(2232,'parent',6,'en'),(2233,'shrimp',6,'en'),(2234,'cancel',6,'en'),(2235,'grade',5,'en'),(2236,'uncomfortable',13,'en'),(2237,'activist',8,'en'),(2238,'income',6,'en'),(2239,'curve',5,'en'),(2240,'neighborhood',12,'en'),(2241,'video',5,'en'),(2242,'door',4,'en'),(2243,'steer',5,'en'),(2244,'section',7,'en'),(2245,'could',5,'en'),(2246,'scared',6,'en'),(2247,'Olympics',8,'en'),(2248,'punch',5,'en'),(2249,'totally',7,'en'),(2250,'pursue',6,'en'),(2251,'war',3,'en'),(2252,'realize',7,'en'),(2253,'happily',7,'en'),(2254,'inflation',9,'en'),(2255,'climate',7,'en'),(2256,'determination',13,'en'),(2257,'article',7,'en'),(2258,'peel',4,'en'),(2259,'unknown',7,'en'),(2260,'perform',7,'en'),(2261,'dirt',4,'en'),(2262,'summit',6,'en'),(2263,'framework',9,'en'),(2264,'straighten',10,'en'),(2265,'circle',6,'en'),(2266,'ash',3,'en'),(2267,'medical',7,'en'),(2268,'billion',7,'en'),(2269,'perceived',9,'en'),(2270,'sense',5,'en'),(2271,'load',4,'en'),(2272,'yesterday',9,'en'),(2273,'western',7,'en'),(2274,'certainly',9,'en'),(2275,'various',7,'en'),(2276,'correspondent',13,'en'),(2277,'goal',4,'en'),(2278,'exercise',8,'en'),(2279,'potential',9,'en'),(2280,'economics',9,'en'),(2281,'sixth',5,'en'),(2282,'nail',4,'en'),(2283,'above',5,'en'),(2284,'black',5,'en'),(2285,'capital',7,'en'),(2286,'dear',4,'en'),(2287,'disappear',9,'en'),(2288,'calm',4,'en'),(2289,'principal',9,'en'),(2290,'helpful',7,'en'),(2291,'actor',5,'en'),(2292,'concrete',8,'en'),(2293,'driveway',8,'en'),(2294,'city',4,'en'),(2295,'wildlife',8,'en'),(2296,'full',4,'en'),(2297,'toll',4,'en'),(2298,'literary',8,'en'),(2299,'current',7,'en'),(2300,'better',6,'en'),(2301,'trim',4,'en'),(2302,'laugh',5,'en'),(2303,'neighboring',11,'en'),(2304,'gifted',6,'en'),(2305,'pie',3,'en'),(2306,'garage',6,'en'),(2307,'southern',8,'en'),(2308,'accounting',10,'en'),(2309,'round',5,'en'),(2310,'offering',8,'en'),(2311,'Greek',5,'en'),(2312,'suppose',7,'en'),(2313,'environment',11,'en'),(2314,'employment',10,'en'),(2315,'tissue',6,'en'),(2316,'hurricane',9,'en'),(2317,'beside',6,'en'),(2318,'investigation',13,'en'),(2319,'investigator',12,'en'),(2320,'scan',4,'en'),(2321,'full-time',9,'en'),(2322,'storage',7,'en'),(2323,'relevant',8,'en'),(2324,'Dutch',5,'en'),(2325,'ever',4,'en'),(2326,'open',4,'en'),(2327,'awake',5,'en'),(2328,'investment',10,'en'),(2329,'night',5,'en'),(2330,'diabetes',8,'en'),(2331,'everyone',8,'en'),(2332,'shop',4,'en'),(2333,'obvious',7,'en'),(2334,'flag',4,'en'),(2335,'nod',3,'en'),(2336,'coordinate',10,'en'),(2337,'narrow',6,'en'),(2338,'million',7,'en'),(2339,'fantastic',9,'en'),(2340,'terror',6,'en'),(2341,'worker',6,'en'),(2342,'photography',11,'en'),(2343,'restrict',8,'en'),(2344,'isolation',9,'en'),(2345,'final',5,'en'),(2346,'academic',8,'en'),(2347,'march',5,'en'),(2348,'face',4,'en'),(2349,'mud',3,'en'),(2350,'tip',3,'en'),(2351,'perceive',8,'en'),(2352,'another',7,'en'),(2353,'suite',5,'en'),(2354,'detail',6,'en'),(2355,'divide',6,'en'),(2356,'dose',4,'en'),(2357,'fabric',6,'en'),(2358,'fifty',5,'en'),(2359,'trait',5,'en'),(2360,'concept',7,'en'),(2361,'alarm',5,'en'),(2362,'forth',5,'en'),(2363,'super',5,'en'),(2364,'warm',4,'en'),(2365,'color',5,'en'),(2366,'valuable',8,'en'),(2367,'quickly',7,'en'),(2368,'slight',6,'en'),(2369,'fair',4,'en'),(2370,'jungle',6,'en'),(2371,'partly',6,'en'),(2372,'promise',7,'en'),(2373,'cabin',5,'en'),(2374,'poem',4,'en'),(2375,'isolate',7,'en'),(2376,'landscape',9,'en'),(2377,'film',4,'en'),(2378,'presidency',10,'en'),(2379,'teenage',7,'en'),(2380,'European',8,'en'),(2381,'be',2,'en'),(2382,'unlike',6,'en'),(2383,'left',4,'en'),(2384,'production',10,'en'),(2385,'knowledge',9,'en'),(2386,'relatively',10,'en'),(2387,'position',8,'en'),(2388,'possess',7,'en'),(2389,'insight',7,'en'),(2390,'fall',4,'en'),(2391,'soon',4,'en'),(2392,'quiet',5,'en'),(2393,'certain',7,'en'),(2394,'prominent',9,'en'),(2395,'buck',4,'en'),(2396,'residential',11,'en'),(2397,'reporting',9,'en'),(2398,'seek',4,'en'),(2399,'hero',4,'en'),(2400,'arm',3,'en'),(2401,'storm',5,'en'),(2402,'proceed',7,'en'),(2403,'mechanic',8,'en'),(2404,'disturb',7,'en'),(2405,'mutual',6,'en'),(2406,'discuss',7,'en'),(2407,'sure',4,'en'),(2408,'victory',7,'en'),(2409,'heavily',7,'en'),(2410,'itself',6,'en'),(2411,'uncertain',9,'en'),(2412,'weakness',8,'en'),(2413,'neither',7,'en'),(2414,'chest',5,'en'),(2415,'depict',6,'en'),(2416,'alleged',7,'en'),(2417,'fascinating',11,'en'),(2418,'willingness',11,'en'),(2419,'sheep',5,'en'),(2420,'fault',5,'en'),(2421,'clearly',7,'en'),(2422,'interrupt',9,'en'),(2423,'aisle',5,'en'),(2424,'banker',6,'en'),(2425,'feed',4,'en'),(2426,'forward',7,'en'),(2427,'tower',5,'en'),(2428,'inherit',7,'en'),(2429,'tension',7,'en'),(2430,'supporter',9,'en'),(2431,'heaven',6,'en'),(2432,'suicide',7,'en'),(2433,'related',7,'en'),(2434,'dissolve',8,'en'),(2435,'whose',5,'en'),(2436,'combine',7,'en'),(2437,'information',11,'en'),(2438,'pray',4,'en'),(2439,'sculpture',9,'en'),(2440,'move',4,'en'),(2441,'complain',8,'en'),(2442,'nonetheless',11,'en'),(2443,'drug',4,'en'),(2444,'now',3,'en'),(2445,'strongly',8,'en'),(2446,'human',5,'en'),(2447,'journalist',10,'en'),(2448,'use',3,'en'),(2449,'embrace',7,'en'),(2450,'travel',6,'en'),(2451,'judge',5,'en'),(2452,'gate',4,'en'),(2453,'crucial',7,'en'),(2454,'regulatory',10,'en'),(2455,'shade',5,'en'),(2456,'main',4,'en'),(2457,'Catholic',8,'en'),(2458,'enforcement',11,'en'),(2459,'spend',5,'en'),(2460,'tolerate',8,'en'),(2461,'just',4,'en'),(2462,'campus',6,'en'),(2463,'ear',3,'en'),(2464,'latter',6,'en'),(2465,'measure',7,'en'),(2466,'poll',4,'en'),(2467,'afford',6,'en'),(2468,'sail',4,'en'),(2469,'pregnancy',9,'en'),(2470,'railroad',8,'en'),(2471,'resolve',7,'en'),(2472,'satellite',9,'en'),(2473,'anxiety',7,'en'),(2474,'consistently',12,'en'),(2475,'dancer',6,'en'),(2476,'private',7,'en'),(2477,'confusion',9,'en'),(2478,'unusual',7,'en'),(2479,'Christianity',12,'en'),(2480,'recommendation',14,'en'),(2481,'through',7,'en'),(2482,'obviously',9,'en'),(2483,'government',10,'en'),(2484,'outstanding',11,'en'),(2485,'independence',12,'en'),(2486,'line',4,'en'),(2487,'palm',4,'en'),(2488,'say',3,'en'),(2489,'follow',6,'en'),(2490,'quit',4,'en'),(2491,'lane',4,'en'),(2492,'behavior',8,'en'),(2493,'contemporary',12,'en'),(2494,'pace',4,'en'),(2495,'bicycle',7,'en'),(2496,'descend',7,'en'),(2497,'evolve',6,'en'),(2498,'previous',8,'en'),(2499,'collaboration',13,'en'),(2500,'touch',5,'en'),(2501,'prospect',8,'en'),(2502,'dip',3,'en'),(2503,'assure',6,'en'),(2504,'cover',5,'en'),(2505,'matter',6,'en'),(2506,'reinforce',9,'en'),(2507,'vanish',6,'en'),(2508,'retired',7,'en'),(2509,'green',5,'en'),(2510,'conceive',8,'en'),(2511,'chew',4,'en'),(2512,'delight',7,'en'),(2513,'happy',5,'en'),(2514,'van',3,'en'),(2515,'waste',5,'en'),(2516,'opt',3,'en'),(2517,'skirt',5,'en'),(2518,'executive',9,'en'),(2519,'self',4,'en'),(2520,'jacket',6,'en'),(2521,'food',4,'en'),(2522,'towel',5,'en'),(2523,'speak',5,'en'),(2524,'smart',5,'en'),(2525,'attack',6,'en'),(2526,'tribal',6,'en'),(2527,'condition',9,'en'),(2528,'deem',4,'en'),(2529,'copy',4,'en'),(2530,'courage',7,'en'),(2531,'everything',10,'en'),(2532,'rely',4,'en'),(2533,'required',8,'en'),(2534,'publication',11,'en'),(2535,'incredible',10,'en'),(2536,'lighting',8,'en'),(2537,'marble',6,'en'),(2538,'starting',8,'en'),(2539,'press',5,'en'),(2540,'youth',5,'en'),(2541,'maybe',5,'en'),(2542,'promising',9,'en'),(2543,'approximately',13,'en'),(2544,'adapt',5,'en'),(2545,'American',8,'en'),(2546,'draft',5,'en'),(2547,'migration',9,'en'),(2548,'modify',6,'en'),(2549,'bay',3,'en'),(2550,'gather',6,'en'),(2551,'prompt',6,'en'),(2552,'realistic',9,'en'),(2553,'sing',4,'en'),(2554,'regard',6,'en'),(2555,'invade',6,'en'),(2556,'friend',6,'en'),(2557,'cop',3,'en'),(2558,'remove',6,'en'),(2559,'worth',5,'en'),(2560,'brown',5,'en'),(2561,'lose',4,'en'),(2562,'portfolio',9,'en'),(2563,'planner',7,'en'),(2564,'handsome',8,'en'),(2565,'consist',7,'en'),(2566,'rush',4,'en'),(2567,'specialty',9,'en'),(2568,'northern',8,'en'),(2569,'credibility',11,'en'),(2570,'trace',5,'en'),(2571,'signature',9,'en'),(2572,'tune',4,'en'),(2573,'predict',7,'en'),(2574,'man',3,'en'),(2575,'profit',6,'en'),(2576,'feedback',8,'en'),(2577,'dramatic',8,'en'),(2578,'arrange',7,'en'),(2579,'shrug',5,'en'),(2580,'strength',8,'en'),(2581,'basis',5,'en'),(2582,'depressed',9,'en'),(2583,'empty',5,'en'),(2584,'articulate',10,'en'),(2585,'vocal',5,'en'),(2586,'validity',8,'en'),(2587,'Islamic',7,'en'),(2588,'severely',8,'en'),(2589,'consecutive',11,'en'),(2590,'liquid',6,'en'),(2591,'military',8,'en'),(2592,'absence',7,'en'),(2593,'basketball',10,'en'),(2594,'battery',7,'en'),(2595,'disease',7,'en'),(2596,'organizational',14,'en'),(2597,'bad',3,'en'),(2598,'ownership',9,'en'),(2599,'gene',4,'en'),(2600,'hello',5,'en'),(2601,'trap',4,'en'),(2602,'associate',9,'en'),(2603,'everybody',9,'en'),(2604,'shore',5,'en'),(2605,'rational',8,'en'),(2606,'junior',6,'en'),(2607,'height',6,'en'),(2608,'lots',4,'en'),(2609,'prefer',6,'en'),(2610,'soar',4,'en'),(2611,'platform',8,'en'),(2612,'deputy',6,'en'),(2613,'edition',7,'en'),(2614,'spy',3,'en'),(2615,'nut',3,'en'),(2616,'offer',5,'en'),(2617,'memory',6,'en'),(2618,'down',4,'en'),(2619,'sick',4,'en'),(2620,'spending',8,'en'),(2621,'pad',3,'en'),(2622,'cheek',5,'en'),(2623,'quietly',7,'en'),(2624,'beer',4,'en'),(2625,'keep',4,'en'),(2626,'coalition',9,'en'),(2627,'majority',8,'en'),(2628,'stem',4,'en'),(2629,'following',9,'en'),(2630,'dump',4,'en'),(2631,'genuine',7,'en'),(2632,'tag',3,'en'),(2633,'table',5,'en'),(2634,'variable',8,'en'),(2635,'secretary',9,'en'),(2636,'nearly',6,'en'),(2637,'funeral',7,'en'),(2638,'powerful',8,'en'),(2639,'airline',7,'en'),(2640,'nest',4,'en'),(2641,'tile',4,'en'),(2642,'link',4,'en'),(2643,'French',6,'en'),(2644,'accurately',10,'en'),(2645,'practitioner',12,'en'),(2646,'rip',3,'en'),(2647,'thus',4,'en'),(2648,'security',8,'en'),(2649,'bank',4,'en'),(2650,'successful',10,'en'),(2651,'fiber',5,'en'),(2652,'wagon',5,'en'),(2653,'understanding',13,'en'),(2654,'small',5,'en'),(2655,'proclaim',8,'en'),(2656,'weed',4,'en'),(2657,'proportion',10,'en'),(2658,'solar',5,'en'),(2659,'impulse',7,'en'),(2660,'retirement',10,'en'),(2661,'civil',5,'en'),(2662,'scholarship',11,'en'),(2663,'organize',8,'en'),(2664,'prior',5,'en'),(2665,'context',7,'en'),(2666,'remote',6,'en'),(2667,'attitude',8,'en'),(2668,'phase',5,'en'),(2669,'zone',4,'en'),(2670,'overall',7,'en'),(2671,'major',5,'en'),(2672,'growing',7,'en'),(2673,'tent',4,'en'),(2674,'news',4,'en'),(2675,'improvement',11,'en'),(2676,'clothes',7,'en'),(2677,'pour',4,'en'),(2678,'horror',6,'en'),(2679,'whereas',7,'en'),(2680,'attendance',10,'en'),(2681,'cluster',7,'en'),(2682,'log',3,'en'),(2683,'me',2,'en'),(2684,'trend',5,'en'),(2685,'involved',8,'en'),(2686,'enterprise',10,'en'),(2687,'breath',6,'en'),(2688,'shuttle',7,'en'),(2689,'achievement',11,'en'),(2690,'subsequent',10,'en'),(2691,'fragile',7,'en'),(2692,'supervisor',10,'en'),(2693,'essay',5,'en'),(2694,'month',5,'en'),(2695,'earnings',8,'en'),(2696,'passage',7,'en'),(2697,'grass',5,'en'),(2698,'commit',6,'en'),(2699,'consequence',11,'en'),(2700,'uh',2,'en'),(2701,'peasant',7,'en'),(2702,'recession',9,'en'),(2703,'sit',3,'en'),(2704,'sophisticated',13,'en'),(2705,'sensation',9,'en'),(2706,'advantage',9,'en'),(2707,'brilliant',9,'en'),(2708,'foster',6,'en'),(2709,'mechanical',10,'en'),(2710,'decade',6,'en'),(2711,'instruct',8,'en'),(2712,'apartment',9,'en'),(2713,'ministry',8,'en'),(2714,'president',9,'en'),(2715,'award',5,'en'),(2716,'car',3,'en'),(2717,'pound',5,'en'),(2718,'that',4,'en'),(2719,'young',5,'en'),(2720,'necessity',9,'en'),(2721,'undermine',9,'en'),(2722,'guest',5,'en'),(2723,'instead',7,'en'),(2724,'painful',7,'en'),(2725,'uniform',7,'en'),(2726,'adjust',6,'en'),(2727,'energy',6,'en'),(2728,'northwest',9,'en'),(2729,'session',7,'en'),(2730,'challenge',9,'en'),(2731,'grand',5,'en'),(2732,'remarkable',10,'en'),(2733,'actual',6,'en'),(2734,'holiday',7,'en'),(2735,'refuge',6,'en'),(2736,'debris',6,'en'),(2737,'gentle',6,'en'),(2738,'continued',9,'en'),(2739,'laboratory',10,'en'),(2740,'cope',4,'en'),(2741,'sum',3,'en'),(2742,'value',5,'en'),(2743,'sexual',6,'en'),(2744,'park',4,'en'),(2745,'perfectly',9,'en'),(2746,'admit',5,'en'),(2747,'melt',4,'en'),(2748,'broadcast',9,'en'),(2749,'thing',5,'en'),(2750,'plead',5,'en'),(2751,'hang',4,'en'),(2752,'others',6,'en'),(2753,'seize',5,'en'),(2754,'occur',5,'en'),(2755,'south',5,'en'),(2756,'automobile',10,'en'),(2757,'strategic',9,'en'),(2758,'cast',4,'en'),(2759,'whatever',8,'en'),(2760,'acquire',7,'en'),(2761,'software',8,'en'),(2762,'damage',6,'en'),(2763,'murder',6,'en'),(2764,'tape',4,'en'),(2765,'desperately',11,'en'),(2766,'participation',13,'en'),(2767,'mixture',7,'en'),(2768,'if',2,'en'),(2769,'inform',6,'en'),(2770,'anticipate',10,'en'),(2771,'forget',6,'en'),(2772,'snake',5,'en'),(2773,'dough',5,'en'),(2774,'bear',4,'en'),(2775,'illegal',7,'en'),(2776,'different',9,'en'),(2777,'offensive',9,'en'),(2778,'pollution',9,'en'),(2779,'vote',4,'en'),(2780,'salary',6,'en'),(2781,'fold',4,'en'),(2782,'program',7,'en'),(2783,'prove',5,'en'),(2784,'gold',4,'en'),(2785,'mine',4,'en'),(2786,'yours',5,'en'),(2787,'area',4,'en'),(2788,'nine',4,'en'),(2789,'bush',4,'en'),(2790,'invest',6,'en'),(2791,'interior',8,'en'),(2792,'scream',6,'en'),(2793,'speaker',7,'en'),(2794,'striking',8,'en'),(2795,'around',6,'en'),(2796,'gain',4,'en'),(2797,'finally',7,'en'),(2798,'wave',4,'en'),(2799,'ally',4,'en'),(2800,'development',11,'en'),(2801,'education',9,'en'),(2802,'alternative',11,'en'),(2803,'expedition',10,'en'),(2804,'steal',5,'en'),(2805,'high-tech',9,'en'),(2806,'pioneer',7,'en'),(2807,'duck',4,'en'),(2808,'diplomatic',10,'en'),(2809,'several',7,'en'),(2810,'market',6,'en'),(2811,'apparently',10,'en'),(2812,'grandchild',10,'en'),(2813,'presence',8,'en'),(2814,'intact',6,'en'),(2815,'spouse',6,'en'),(2816,'dare',4,'en'),(2817,'toss',4,'en'),(2818,'edit',4,'en'),(2819,'upon',4,'en'),(2820,'scope',5,'en'),(2821,'lemon',5,'en'),(2822,'curriculum',10,'en'),(2823,'render',6,'en'),(2824,'depart',6,'en'),(2825,'apologize',9,'en'),(2826,'radiation',9,'en'),(2827,'shirt',5,'en'),(2828,'briefly',7,'en'),(2829,'isolated',8,'en'),(2830,'well-being',10,'en'),(2831,'proof',5,'en'),(2832,'procedure',9,'en'),(2833,'ultimately',10,'en'),(2834,'quick',5,'en'),(2835,'kick',4,'en'),(2836,'peer',4,'en'),(2837,'franchise',9,'en'),(2838,'photo',5,'en'),(2839,'screw',5,'en'),(2840,'nuclear',7,'en'),(2841,'label',5,'en'),(2842,'die',3,'en'),(2843,'repair',6,'en'),(2844,'organized',9,'en'),(2845,'wherever',8,'en'),(2846,'objective',9,'en'),(2847,'compromise',10,'en'),(2848,'paper',5,'en'),(2849,'virtue',6,'en'),(2850,'large',5,'en'),(2851,'grief',5,'en'),(2852,'increase',8,'en'),(2853,'genius',6,'en'),(2854,'bronze',6,'en'),(2855,'gun',3,'en'),(2856,'typically',9,'en'),(2857,'eager',5,'en'),(2858,'Cuban',5,'en'),(2859,'Jewish',6,'en'),(2860,'expand',6,'en'),(2861,'once',4,'en'),(2862,'symbol',6,'en'),(2863,'ambitious',9,'en'),(2864,'plea',4,'en'),(2865,'bean',4,'en'),(2866,'myth',4,'en'),(2867,'glove',5,'en'),(2868,'cousin',6,'en'),(2869,'motive',6,'en'),(2870,'eastern',7,'en'),(2871,'watch',5,'en'),(2872,'character',9,'en'),(2873,'save',4,'en'),(2874,'array',5,'en'),(2875,'ethical',7,'en'),(2876,'experienced',11,'en'),(2877,'issue',5,'en'),(2878,'freeze',6,'en'),(2879,'ready',5,'en'),(2880,'beat',4,'en'),(2881,'embarrassed',11,'en'),(2882,'jeans',5,'en'),(2883,'disappointment',14,'en'),(2884,'politician',10,'en'),(2885,'British',7,'en'),(2886,'beautiful',9,'en'),(2887,'wheat',5,'en'),(2888,'electric',8,'en'),(2889,'failure',7,'en'),(2890,'Christmas',9,'en'),(2891,'clerk',5,'en'),(2892,'minority',8,'en'),(2893,'prepare',7,'en'),(2894,'cash',4,'en'),(2895,'stimulate',9,'en'),(2896,'goat',4,'en'),(2897,'devastating',11,'en'),(2898,'realm',5,'en'),(2899,'flee',4,'en'),(2900,'ha',2,'en'),(2901,'attention',9,'en'),(2902,'submit',6,'en'),(2903,'opposite',8,'en'),(2904,'neat',4,'en'),(2905,'lawmaker',8,'en'),(2906,'fire',4,'en'),(2907,'horizon',7,'en'),(2908,'evening',7,'en'),(2909,'addition',8,'en'),(2910,'prediction',10,'en'),(2911,'await',5,'en'),(2912,'honest',6,'en'),(2913,'child',5,'en'),(2914,'insurance',9,'en'),(2915,'relationship',12,'en'),(2916,'tomorrow',8,'en'),(2917,'nature',6,'en'),(2918,'formal',6,'en'),(2919,'equality',8,'en'),(2920,'media',5,'en'),(2921,'eye',3,'en'),(2922,'pose',4,'en'),(2923,'diagnose',8,'en'),(2924,'educator',8,'en'),(2925,'texture',7,'en'),(2926,'rebel',5,'en'),(2927,'withdrawal',10,'en'),(2928,'operation',9,'en'),(2929,'integration',11,'en'),(2930,'accountability',14,'en'),(2931,'incident',8,'en'),(2932,'injury',6,'en'),(2933,'but',3,'en'),(2934,'emphasis',8,'en'),(2935,'confession',10,'en'),(2936,'dispute',7,'en'),(2937,'presidential',12,'en'),(2938,'straw',5,'en'),(2939,'project',7,'en'),(2940,'defend',6,'en'),(2941,'including',9,'en'),(2942,'sex',3,'en'),(2943,'foundation',10,'en'),(2944,'material',8,'en'),(2945,'magic',5,'en'),(2946,'accomplishment',14,'en'),(2947,'sexy',4,'en'),(2948,'army',4,'en'),(2949,'versus',6,'en'),(2950,'electrical',10,'en'),(2951,'fully',5,'en'),(2952,'Arab',4,'en'),(2953,'defeat',6,'en'),(2954,'must',4,'en'),(2955,'mushroom',8,'en'),(2956,'flight',6,'en'),(2957,'also',4,'en'),(2958,'numerous',8,'en'),(2959,'placement',9,'en'),(2960,'clear',5,'en'),(2961,'initially',9,'en'),(2962,'rating',6,'en'),(2963,'mixed',5,'en'),(2964,'ridiculous',10,'en'),(2965,'branch',6,'en'),(2966,'classify',8,'en'),(2967,'club',4,'en'),(2968,'responsibility',14,'en'),(2969,'busy',4,'en'),(2970,'explanation',11,'en'),(2971,'wedding',7,'en'),(2972,'pretty',6,'en'),(2973,'guideline',9,'en'),(2974,'freshman',8,'en'),(2975,'possible',8,'en'),(2976,'distinguish',11,'en'),(2977,'plenty',6,'en'),(2978,'widow',5,'en'),(2979,'sometime',8,'en'),(2980,'practical',9,'en'),(2981,'colony',6,'en'),(2982,'standard',8,'en'),(2983,'combined',8,'en'),(2984,'release',7,'en'),(2985,'rod',3,'en'),(2986,'manufacturer',12,'en'),(2987,'nightmare',9,'en'),(2988,'conscience',10,'en'),(2989,'attract',7,'en'),(2990,'speculation',11,'en'),(2991,'proud',5,'en'),(2992,'chocolate',9,'en'),(2993,'spectrum',8,'en'),(2994,'credit',6,'en'),(2995,'managing',8,'en'),(2996,'mere',4,'en'),(2997,'off',3,'en'),(2998,'sentiment',9,'en'),(2999,'shoe',4,'en'),(3000,'magazine',8,'en'),(3001,'currently',9,'en'),(3002,'identify',8,'en'),(3003,'loan',4,'en'),(3004,'nominee',7,'en'),(3005,'late',4,'en'),(3006,'bright',6,'en'),(3007,'obstacle',8,'en'),(3008,'enforce',7,'en'),(3009,'limited',7,'en'),(3010,'commander',9,'en'),(3011,'wander',6,'en'),(3012,'mess',4,'en'),(3013,'forbid',6,'en'),(3014,'coin',4,'en'),(3015,'screening',9,'en'),(3016,'opportunity',11,'en'),(3017,'voting',6,'en'),(3018,'collective',10,'en'),(3019,'provide',7,'en'),(3020,'rescue',6,'en'),(3021,'weave',5,'en'),(3022,'element',7,'en'),(3023,'confident',9,'en'),(3024,'reveal',6,'en'),(3025,'stand',5,'en'),(3026,'southeast',9,'en'),(3027,'lonely',6,'en'),(3028,'address',7,'en'),(3029,'lock',4,'en'),(3030,'feeling',7,'en'),(3031,'terribly',8,'en'),(3032,'warning',7,'en'),(3033,'plane',5,'en'),(3034,'play',4,'en'),(3035,'sphere',6,'en'),(3036,'shape',5,'en'),(3037,'accuracy',8,'en'),(3038,'resume',6,'en'),(3039,'fate',4,'en'),(3040,'ago',3,'en'),(3041,'booth',5,'en'),(3042,'remind',6,'en'),(3043,'mass',4,'en'),(3044,'editor',6,'en'),(3045,'efficient',9,'en'),(3046,'monkey',6,'en'),(3047,'shooting',8,'en'),(3048,'blind',5,'en'),(3049,'story',5,'en'),(3050,'sell',4,'en'),(3051,'elegant',7,'en'),(3052,'thinking',8,'en'),(3053,'increased',9,'en'),(3054,'witness',7,'en'),(3055,'mix',3,'en'),(3056,'celebrate',9,'en'),(3057,'bless',5,'en'),(3058,'exact',5,'en'),(3059,'control',7,'en'),(3060,'possibility',11,'en'),(3061,'infrastructure',14,'en'),(3062,'fragment',8,'en'),(3063,'deadly',6,'en'),(3064,'theoretical',11,'en'),(3065,'lake',4,'en'),(3066,'struggle',8,'en'),(3067,'developing',10,'en'),(3068,'shareholder',11,'en'),(3069,'diary',5,'en'),(3070,'rid',3,'en'),(3071,'feather',7,'en'),(3072,'essence',7,'en'),(3073,'chunk',5,'en'),(3074,'would',5,'en'),(3075,'fun',3,'en'),(3076,'instrument',10,'en'),(3077,'essentially',11,'en'),(3078,'patent',6,'en'),(3079,'preach',6,'en'),(3080,'bare',4,'en'),(3081,'prosecution',11,'en'),(3082,'habit',5,'en'),(3083,'potentially',11,'en'),(3084,'danger',6,'en'),(3085,'chain',5,'en'),(3086,'indicator',9,'en'),(3087,'intelligent',11,'en'),(3088,'locate',6,'en'),(3089,'silly',5,'en'),(3090,'skilled',7,'en'),(3091,'attend',6,'en'),(3092,'turn',4,'en'),(3093,'cable',5,'en'),(3094,'conflict',8,'en'),(3095,'transmit',8,'en'),(3096,'literally',9,'en'),(3097,'envelope',8,'en'),(3098,'script',6,'en'),(3099,'code',4,'en'),(3100,'death',5,'en'),(3101,'thread',6,'en'),(3102,'swallow',7,'en'),(3103,'competitive',11,'en'),(3104,'authority',9,'en'),(3105,'operate',7,'en'),(3106,'grateful',8,'en'),(3107,'cat',3,'en'),(3108,'criminal',8,'en'),(3109,'remaining',9,'en'),(3110,'immigrant',9,'en'),(3111,'asset',5,'en'),(3112,'tribe',5,'en'),(3113,'trailer',7,'en'),(3114,'analyst',7,'en'),(3115,'contain',7,'en'),(3116,'graduation',10,'en'),(3117,'affect',6,'en'),(3118,'creative',8,'en'),(3119,'inspiration',11,'en'),(3120,'pleasure',8,'en'),(3121,'fuel',4,'en'),(3122,'menu',4,'en'),(3123,'decorate',8,'en'),(3124,'efficiency',10,'en'),(3125,'sweep',5,'en'),(3126,'amid',4,'en'),(3127,'comfort',7,'en'),(3128,'honestly',8,'en'),(3129,'gear',4,'en'),(3130,'seldom',6,'en'),(3131,'idea',4,'en'),(3132,'killer',6,'en'),(3133,'effective',9,'en'),(3134,'world',5,'en'),(3135,'bulk',4,'en'),(3136,'convince',8,'en'),(3137,'survive',7,'en'),(3138,'surely',6,'en'),(3139,'biology',7,'en'),(3140,'really',6,'en'),(3141,'steak',5,'en'),(3142,'financial',9,'en'),(3143,'center',6,'en'),(3144,'tropical',8,'en'),(3145,'conventional',12,'en'),(3146,'appear',6,'en'),(3147,'towards',7,'en'),(3148,'how',3,'en'),(3149,'resemble',8,'en'),(3150,'wonderful',9,'en'),(3151,'adoption',8,'en'),(3152,'obtain',6,'en'),(3153,'false',5,'en'),(3154,'suffer',6,'en'),(3155,'bury',4,'en'),(3156,'ceiling',7,'en'),(3157,'intervention',12,'en'),(3158,'downtown',8,'en'),(3159,'tender',6,'en'),(3160,'sudden',6,'en'),(3161,'ethics',6,'en'),(3162,'dignity',7,'en'),(3163,'assembly',8,'en'),(3164,'streak',6,'en'),(3165,'sustainable',11,'en'),(3166,'assistant',9,'en'),(3167,'bring',5,'en'),(3168,'frame',5,'en'),(3169,'object',6,'en'),(3170,'outside',7,'en'),(3171,'soil',4,'en'),(3172,'angle',5,'en'),(3173,'adolescent',10,'en'),(3174,'joke',4,'en'),(3175,'writer',6,'en'),(3176,'Supreme',7,'en'),(3177,'light',5,'en'),(3178,'aircraft',8,'en'),(3179,'substance',9,'en'),(3180,'remain',6,'en'),(3181,'globe',5,'en'),(3182,'altogether',10,'en'),(3183,'overlook',8,'en'),(3184,'attractive',10,'en'),(3185,'seriously',9,'en'),(3186,'blank',5,'en'),(3187,'toward',6,'en'),(3188,'colorful',8,'en'),(3189,'respond',7,'en'),(3190,'race',4,'en'),(3191,'treaty',6,'en'),(3192,'hug',3,'en'),(3193,'timing',6,'en'),(3194,'rent',4,'en'),(3195,'annual',6,'en'),(3196,'brick',5,'en'),(3197,'hunting',7,'en'),(3198,'jet',3,'en'),(3199,'model',5,'en'),(3200,'error',5,'en'),(3201,'organic',7,'en'),(3202,'stress',6,'en'),(3203,'fortune',7,'en'),(3204,'aggressive',10,'en'),(3205,'soap',4,'en'),(3206,'threat',6,'en'),(3207,'hurt',4,'en'),(3208,'protect',7,'en'),(3209,'crisis',6,'en'),(3210,'container',9,'en'),(3211,'closer',6,'en'),(3212,'result',6,'en'),(3213,'maintain',8,'en'),(3214,'away',4,'en'),(3215,'mineral',7,'en'),(3216,'force',5,'en'),(3217,'powder',6,'en'),(3218,'interpretation',14,'en'),(3219,'lap',3,'en'),(3220,'plunge',6,'en'),(3221,'capacity',8,'en'),(3222,'processor',9,'en'),(3223,'herb',4,'en'),(3224,'nerve',5,'en'),(3225,'Italian',7,'en'),(3226,'sharp',5,'en'),(3227,'assess',6,'en'),(3228,'believe',7,'en'),(3229,'lobby',5,'en'),(3230,'responsible',11,'en'),(3231,'wire',4,'en'),(3232,'huh',3,'en'),(3233,'let',3,'en'),(3234,'segment',7,'en'),(3235,'awareness',9,'en'),(3236,'pause',5,'en'),(3237,'verdict',7,'en'),(3238,'fever',5,'en'),(3239,'whom',4,'en'),(3240,'residence',9,'en'),(3241,'journal',7,'en'),(3242,'slot',4,'en'),(3243,'approach',8,'en'),(3244,'ill',3,'en'),(3245,'saving',6,'en'),(3246,'cool',4,'en'),(3247,'appreciation',12,'en'),(3248,'pencil',6,'en'),(3249,'whoever',7,'en'),(3250,'weather',7,'en'),(3251,'directly',8,'en'),(3252,'route',5,'en'),(3253,'exclusively',11,'en'),(3254,'diversity',9,'en'),(3255,'apart',5,'en'),(3256,'weapon',6,'en'),(3257,'staff',5,'en'),(3258,'founder',7,'en'),(3259,'childhood',9,'en'),(3260,'cease',5,'en'),(3261,'glass',5,'en'),(3262,'wrap',4,'en'),(3263,'marketplace',11,'en'),(3264,'scale',5,'en'),(3265,'regulate',8,'en'),(3266,'miracle',7,'en'),(3267,'chemical',8,'en'),(3268,'receive',7,'en'),(3269,'outfit',6,'en'),(3270,'field',5,'en'),(3271,'tone',4,'en'),(3272,'preparation',11,'en'),(3273,'previously',10,'en'),(3274,'symptom',7,'en'),(3275,'compel',6,'en'),(3276,'statement',9,'en'),(3277,'nearby',6,'en'),(3278,'glory',5,'en'),(3279,'unless',6,'en'),(3280,'representative',14,'en'),(3281,'secular',7,'en'),(3282,'much',4,'en'),(3283,'Israeli',7,'en'),(3284,'carry',5,'en'),(3285,'counseling',10,'en'),(3286,'fighting',8,'en'),(3287,'robot',5,'en'),(3288,'reality',7,'en'),(3289,'variation',9,'en'),(3290,'egg',3,'en'),(3291,'we',2,'en'),(3292,'confidence',10,'en'),(3293,'peace',5,'en'),(3294,'complete',8,'en'),(3295,'mathematics',11,'en'),(3296,'protein',7,'en'),(3297,'gray',4,'en'),(3298,'surgery',7,'en'),(3299,'squad',5,'en'),(3300,'class',5,'en'),(3301,'spell',5,'en'),(3302,'hostage',7,'en'),(3303,'typical',7,'en'),(3304,'report',6,'en'),(3305,'consume',7,'en'),(3306,'doubt',5,'en'),(3307,'bullet',6,'en'),(3308,'crystal',7,'en'),(3309,'might',5,'en'),(3310,'background',10,'en'),(3311,'pill',4,'en'),(3312,'monthly',7,'en'),(3313,'interpret',9,'en'),(3314,'infant',6,'en'),(3315,'concern',7,'en'),(3316,'society',7,'en'),(3317,'optimistic',10,'en'),(3318,'mysterious',10,'en'),(3319,'gross',5,'en'),(3320,'potato',6,'en'),(3321,'chill',5,'en'),(3322,'stable',6,'en'),(3323,'makeup',6,'en'),(3324,'spark',5,'en'),(3325,'thigh',5,'en'),(3326,'reject',6,'en'),(3327,'as',2,'en'),(3328,'apparent',8,'en'),(3329,'general',7,'en'),(3330,'hip',3,'en'),(3331,'artistic',8,'en'),(3332,'this',4,'en'),(3333,'crowd',5,'en'),(3334,'both',4,'en'),(3335,'shared',6,'en'),(3336,'walk',4,'en'),(3337,'norm',4,'en'),(3338,'doorway',7,'en'),(3339,'deposit',7,'en'),(3340,'boot',4,'en'),(3341,'someone',7,'en'),(3342,'dig',3,'en'),(3343,'meeting',7,'en'),(3344,'pant',4,'en'),(3345,'boyfriend',9,'en'),(3346,'district',8,'en'),(3347,'helicopter',10,'en'),(3348,'get',3,'en'),(3349,'reference',9,'en'),(3350,'skull',5,'en'),(3351,'century',7,'en'),(3352,'rider',5,'en'),(3353,'trip',4,'en'),(3354,'terrorism',9,'en'),(3355,'conception',10,'en'),(3356,'uncle',5,'en'),(3357,'interested',10,'en'),(3358,'alcohol',7,'en'),(3359,'director',8,'en'),(3360,'until',5,'en'),(3361,'rolling',7,'en'),(3362,'sandwich',8,'en'),(3363,'allegedly',9,'en'),(3364,'criticize',9,'en'),(3365,'carrier',7,'en'),(3366,'grasp',5,'en'),(3367,'midst',5,'en'),(3368,'auto',4,'en'),(3369,'short-term',10,'en'),(3370,'shut',4,'en'),(3371,'path',4,'en'),(3372,'humanity',8,'en'),(3373,'athlete',7,'en'),(3374,'occupation',10,'en'),(3375,'text',4,'en'),(3376,'hair',4,'en'),(3377,'okay',4,'en'),(3378,'level',5,'en'),(3379,'wolf',4,'en'),(3380,'math',4,'en'),(3381,'tired',5,'en'),(3382,'emotion',7,'en'),(3383,'grape',5,'en'),(3384,'joint',5,'en'),(3385,'borrow',6,'en'),(3386,'eating',6,'en'),(3387,'king',4,'en'),(3388,'mill',4,'en'),(3389,'exposure',8,'en'),(3390,'breathing',9,'en'),(3391,'particular',10,'en'),(3392,'inevitable',10,'en'),(3393,'view',4,'en'),(3394,'legislator',10,'en'),(3395,'equally',7,'en'),(3396,'indication',10,'en'),(3397,'input',5,'en'),(3398,'glimpse',7,'en'),(3399,'discrimination',14,'en'),(3400,'street',6,'en'),(3401,'cooperation',11,'en'),(3402,'mall',4,'en'),(3403,'elephant',8,'en'),(3404,'newly',5,'en'),(3405,'Thanksgiving',12,'en'),(3406,'gesture',7,'en'),(3407,'unlikely',8,'en'),(3408,'protective',10,'en'),(3409,'win',3,'en'),(3410,'retire',6,'en'),(3411,'comply',6,'en'),(3412,'premium',7,'en'),(3413,'notebook',8,'en'),(3414,'click',5,'en'),(3415,'probably',8,'en'),(3416,'boy',3,'en'),(3417,'instructor',10,'en'),(3418,'instruction',11,'en'),(3419,'impose',6,'en'),(3420,'expensive',9,'en'),(3421,'order',5,'en'),(3422,'acid',4,'en'),(3423,'pleased',7,'en'),(3424,'dancing',7,'en'),(3425,'stadium',7,'en'),(3426,'corporate',9,'en'),(3427,'fly',3,'en'),(3428,'costly',6,'en'),(3429,'learning',8,'en'),(3430,'sea',3,'en'),(3431,'mission',7,'en'),(3432,'dawn',4,'en'),(3433,'patron',6,'en'),(3434,'emotional',9,'en'),(3435,'killing',7,'en'),(3436,'disappointed',12,'en'),(3437,'leg',3,'en'),(3438,'employee',8,'en'),(3439,'boundary',8,'en'),(3440,'convention',10,'en'),(3441,'cost',4,'en'),(3442,'fish',4,'en'),(3443,'luck',4,'en'),(3444,'insert',6,'en'),(3445,'surrounding',11,'en'),(3446,'equipment',9,'en'),(3447,'actively',8,'en'),(3448,'weigh',5,'en'),(3449,'action',6,'en'),(3450,'meet',4,'en'),(3451,'wealth',6,'en'),(3452,'key',3,'en'),(3453,'silent',6,'en'),(3454,'bother',6,'en'),(3455,'fundamental',11,'en'),(3456,'Muslim',6,'en'),(3457,'Christian',9,'en'),(3458,'bag',3,'en'),(3459,'useful',6,'en'),(3460,'mystery',7,'en'),(3461,'theological',11,'en'),(3462,'west',4,'en'),(3463,'shake',5,'en'),(3464,'iron',4,'en'),(3465,'conduct',7,'en'),(3466,'afterward',9,'en'),(3467,'enthusiasm',10,'en'),(3468,'narrative',9,'en'),(3469,'pillow',6,'en'),(3470,'significant',11,'en'),(3471,'sales',5,'en'),(3472,'airport',7,'en'),(3473,'fluid',5,'en'),(3474,'charity',7,'en'),(3475,'statute',7,'en'),(3476,'deal',4,'en'),(3477,'it',2,'en'),(3478,'lower',5,'en'),(3479,'pat',3,'en'),(3480,'council',7,'en'),(3481,'discount',8,'en'),(3482,'employ',6,'en'),(3483,'initial',7,'en'),(3484,'sharply',7,'en'),(3485,'minimum',7,'en'),(3486,'stumble',7,'en'),(3487,'pile',4,'en'),(3488,'sue',3,'en'),(3489,'symbolic',8,'en'),(3490,'thoroughly',10,'en'),(3491,'long-term',9,'en'),(3492,'constitutional',14,'en'),(3493,'upper',5,'en'),(3494,'historian',9,'en'),(3495,'continent',9,'en'),(3496,'hunt',4,'en'),(3497,'upset',5,'en'),(3498,'admire',6,'en'),(3499,'destruction',11,'en'),(3500,'adopt',5,'en'),(3501,'butterfly',9,'en'),(3502,'rarely',6,'en'),(3503,'white',5,'en'),(3504,'atmosphere',10,'en'),(3505,'particle',8,'en'),(3506,'guess',5,'en'),(3507,'opponent',8,'en'),(3508,'coastal',7,'en'),(3509,'proposal',8,'en'),(3510,'inevitably',10,'en'),(3511,'landing',7,'en'),(3512,'distant',7,'en'),(3513,'winner',6,'en'),(3514,'requirement',11,'en'),(3515,'fur',3,'en'),(3516,'voice',5,'en'),(3517,'counselor',9,'en'),(3518,'preference',10,'en'),(3519,'always',6,'en'),(3520,'dying',5,'en'),(3521,'bit',3,'en'),(3522,'amendment',9,'en'),(3523,'owner',5,'en'),(3524,'coup',4,'en'),(3525,'drop',4,'en'),(3526,'Internet',8,'en'),(3527,'grandfather',11,'en'),(3528,'bowl',4,'en'),(3529,'in',2,'en'),(3530,'hold',4,'en'),(3531,'enter',5,'en'),(3532,'venture',7,'en'),(3533,'gasoline',8,'en'),(3534,'poster',6,'en'),(3535,'freedom',7,'en'),(3536,'ahead',5,'en'),(3537,'replacement',11,'en'),(3538,'entirely',8,'en'),(3539,'break',5,'en'),(3540,'lightly',7,'en'),(3541,'origin',6,'en'),(3542,'desert',6,'en'),(3543,'exam',4,'en'),(3544,'recovery',8,'en'),(3545,'advertising',11,'en'),(3546,'notion',6,'en'),(3547,'hostile',7,'en'),(3548,'shorts',6,'en'),(3549,'initiate',8,'en'),(3550,'bath',4,'en'),(3551,'wide',4,'en'),(3552,'mayor',5,'en'),(3553,'supposedly',10,'en'),(3554,'average',7,'en'),(3555,'besides',7,'en'),(3556,'female',6,'en'),(3557,'playoff',7,'en'),(3558,'unite',5,'en'),(3559,'rib',3,'en'),(3560,'aside',5,'en'),(3561,'inspire',7,'en'),(3562,'Spanish',7,'en'),(3563,'alive',5,'en'),(3564,'abuse',5,'en'),(3565,'problem',7,'en'),(3566,'worldwide',9,'en'),(3567,'effectively',11,'en'),(3568,'supposed',8,'en'),(3569,'publisher',9,'en'),(3570,'jewelry',7,'en'),(3571,'govern',6,'en'),(3572,'guy',3,'en'),(3573,'primary',7,'en'),(3574,'exploration',11,'en'),(3575,'garlic',6,'en'),(3576,'excitement',10,'en'),(3577,'mode',4,'en'),(3578,'track',5,'en'),(3579,'conference',10,'en'),(3580,'fork',4,'en'),(3581,'tour',4,'en'),(3582,'palace',6,'en'),(3583,'receiver',8,'en'),(3584,'lean',4,'en'),(3585,'ambition',8,'en'),(3586,'essential',9,'en'),(3587,'compete',7,'en'),(3588,'lovely',6,'en'),(3589,'consumption',11,'en'),(3590,'possibly',8,'en'),(3591,'because',7,'en'),(3592,'football',8,'en'),(3593,'perception',10,'en'),(3594,'longtime',8,'en'),(3595,'slow',4,'en'),(3596,'episode',7,'en'),(3597,'arrival',7,'en'),(3598,'successfully',12,'en'),(3599,'daily',5,'en'),(3600,'dictate',7,'en'),(3601,'echo',4,'en'),(3602,'chapter',7,'en'),(3603,'capture',7,'en'),(3604,'likewise',8,'en'),(3605,'dirty',5,'en'),(3606,'circuit',7,'en'),(3607,'weaken',6,'en'),(3608,'unexpected',10,'en'),(3609,'warmth',6,'en'),(3610,'dessert',7,'en'),(3611,'personality',11,'en'),(3612,'artifact',8,'en'),(3613,'task',4,'en'),(3614,'noon',4,'en'),(3615,'beef',4,'en'),(3616,'three',5,'en'),(3617,'battle',6,'en'),(3618,'carbon',6,'en'),(3619,'throw',5,'en'),(3620,'minimize',8,'en'),(3621,'inmate',6,'en'),(3622,'telescope',9,'en'),(3623,'deadline',8,'en'),(3624,'will',4,'en'),(3625,'afraid',6,'en'),(3626,'charm',5,'en'),(3627,'inventory',9,'en'),(3628,'theater',7,'en'),(3629,'third',5,'en'),(3630,'dynamics',8,'en'),(3631,'telephone',9,'en'),(3632,'civilian',8,'en'),(3633,'elite',5,'en'),(3634,'dried',5,'en'),(3635,'thick',5,'en'),(3636,'Congress',8,'en'),(3637,'ratio',5,'en'),(3638,'something',9,'en'),(3639,'sheet',5,'en'),(3640,'rock',4,'en'),(3641,'cotton',6,'en'),(3642,'exploit',7,'en'),(3643,'relax',5,'en'),(3644,'commodity',9,'en'),(3645,'conservative',12,'en'),(3646,'catalog',7,'en'),(3647,'ought',5,'en'),(3648,'machine',7,'en'),(3649,'barn',4,'en'),(3650,'bounce',6,'en'),(3651,'player',6,'en'),(3652,'your',4,'en'),(3653,'architect',9,'en'),(3654,'cigarette',9,'en'),(3655,'pitcher',7,'en'),(3656,'interval',8,'en'),(3657,'ship',4,'en'),(3658,'calendar',8,'en'),(3659,'professional',12,'en'),(3660,'talented',8,'en'),(3661,'recognition',11,'en'),(3662,'state',5,'en'),(3663,'fit',3,'en'),(3664,'train',5,'en'),(3665,'Roman',5,'en'),(3666,'dozen',5,'en'),(3667,'shark',5,'en'),(3668,'formerly',8,'en'),(3669,'feel',4,'en'),(3670,'upstairs',8,'en'),(3671,'autonomy',8,'en'),(3672,'couple',6,'en'),(3673,'hence',5,'en'),(3674,'near',4,'en'),(3675,'shame',5,'en'),(3676,'investigate',11,'en'),(3677,'anger',5,'en'),(3678,'shadow',6,'en'),(3679,'revolution',10,'en'),(3680,'department',10,'en'),(3681,'heritage',8,'en'),(3682,'radical',7,'en'),(3683,'formula',7,'en'),(3684,'hardware',8,'en'),(3685,'vessel',6,'en'),(3686,'lab',3,'en'),(3687,'personnel',9,'en'),(3688,'role',4,'en'),(3689,'cord',4,'en'),(3690,'nervous',7,'en'),(3691,'hey',3,'en'),(3692,'Iraqi',5,'en'),(3693,'discourse',9,'en'),(3694,'squeeze',7,'en'),(3695,'workshop',8,'en'),(3696,'willing',7,'en'),(3697,'button',6,'en'),(3698,'demonstration',13,'en'),(3699,'push',4,'en'),(3700,'alter',5,'en'),(3701,'celebration',11,'en'),(3702,'organism',8,'en'),(3703,'unable',6,'en'),(3704,'normal',6,'en'),(3705,'need',4,'en'),(3706,'metaphor',8,'en'),(3707,'productive',10,'en'),(3708,'hope',4,'en'),(3709,'bow',3,'en'),(3710,'cooperative',11,'en'),(3711,'recommend',9,'en'),(3712,'noise',5,'en'),(3713,'born',4,'en'),(3714,'motivation',10,'en'),(3715,'jar',3,'en'),(3716,'case',4,'en'),(3717,'entity',6,'en'),(3718,'quarter',7,'en'),(3719,'uncover',7,'en'),(3720,'try',3,'en'),(3721,'window',6,'en'),(3722,'refrigerator',12,'en'),(3723,'afternoon',9,'en'),(3724,'defense',7,'en'),(3725,'provision',9,'en'),(3726,'economist',9,'en'),(3727,'beast',5,'en'),(3728,'prevail',7,'en'),(3729,'negotiate',9,'en'),(3730,'cognitive',9,'en'),(3731,'therefore',9,'en'),(3732,'vehicle',7,'en'),(3733,'cute',4,'en'),(3734,'lady',4,'en'),(3735,'school',6,'en'),(3736,'dominant',8,'en'),(3737,'literature',10,'en'),(3738,'outsider',8,'en'),(3739,'talk',4,'en'),(3740,'and',3,'en'),(3741,'explore',7,'en'),(3742,'consider',8,'en'),(3743,'suck',4,'en'),(3744,'flexibility',11,'en'),(3745,'like',4,'en'),(3746,'involve',7,'en'),(3747,'temple',6,'en'),(3748,'custom',6,'en'),(3749,'flow',4,'en'),(3750,'voter',5,'en'),(3751,'hook',4,'en'),(3752,'surround',8,'en'),(3753,'into',4,'en'),(3754,'territory',9,'en'),(3755,'evolution',9,'en'),(3756,'band',4,'en'),(3757,'fisherman',9,'en'),(3758,'perhaps',7,'en'),(3759,'contribution',12,'en'),(3760,'precisely',9,'en'),(3761,'secure',6,'en'),(3762,'specifically',12,'en'),(3763,'bunch',5,'en'),(3764,'landmark',8,'en'),(3765,'flip',4,'en'),(3766,'hard',4,'en'),(3767,'estimated',9,'en'),(3768,'balanced',8,'en'),(3769,'pipe',4,'en'),(3770,'cookie',6,'en'),(3771,'six',3,'en'),(3772,'etc',3,'en'),(3773,'mutter',6,'en'),(3774,'developer',9,'en'),(3775,'encounter',9,'en'),(3776,'lightning',9,'en'),(3777,'advise',6,'en'),(3778,'adviser',7,'en'),(3779,'terrorist',9,'en'),(3780,'title',5,'en'),(3781,'resolution',10,'en'),(3782,'restore',7,'en'),(3783,'still',5,'en'),(3784,'terrible',8,'en'),(3785,'gravity',7,'en'),(3786,'since',5,'en'),(3787,'moderate',8,'en'),(3788,'hall',4,'en'),(3789,'critical',8,'en'),(3790,'enemy',5,'en'),(3791,'reliability',11,'en'),(3792,'administer',10,'en'),(3793,'odd',3,'en'),(3794,'strain',6,'en'),(3795,'fist',4,'en'),(3796,'gender',6,'en'),(3797,'collection',10,'en'),(3798,'adjustment',10,'en'),(3799,'smell',5,'en'),(3800,'good',4,'en'),(3801,'generation',10,'en'),(3802,'home',4,'en'),(3803,'interesting',11,'en'),(3804,'darkness',8,'en'),(3805,'servant',7,'en'),(3806,'shower',6,'en'),(3807,'opposition',10,'en'),(3808,'performer',9,'en'),(3809,'crush',5,'en'),(3810,'necessary',9,'en'),(3811,'hopefully',9,'en'),(3812,'fatigue',7,'en'),(3813,'surgeon',7,'en'),(3814,'international',13,'en'),(3815,'dark',4,'en'),(3816,'debt',4,'en'),(3817,'cell',4,'en'),(3818,'enjoy',5,'en'),(3819,'stock',5,'en'),(3820,'talent',6,'en'),(3821,'pet',3,'en'),(3822,'Russian',7,'en'),(3823,'user',4,'en'),(3824,'marker',6,'en'),(3825,'chairman',8,'en'),(3826,'grocery',7,'en'),(3827,'bolt',4,'en'),(3828,'management',10,'en'),(3829,'shoot',5,'en'),(3830,'alley',5,'en'),(3831,'punish',6,'en'),(3832,'aware',5,'en'),(3833,'customer',8,'en'),(3834,'overwhelm',9,'en'),(3835,'absolute',8,'en'),(3836,'ensure',6,'en'),(3837,'accuse',6,'en'),(3838,'remember',8,'en'),(3839,'their',5,'en'),(3840,'minor',5,'en'),(3841,'bridge',6,'en'),(3842,'liberal',7,'en'),(3843,'mainstream',10,'en'),(3844,'spit',4,'en'),(3845,'Olympic',7,'en'),(3846,'arrow',5,'en'),(3847,'offender',8,'en'),(3848,'can',3,'en'),(3849,'deeply',6,'en'),(3850,'peanut',6,'en'),(3851,'wound',5,'en'),(3852,'desk',4,'en'),(3853,'completely',10,'en'),(3854,'analysis',8,'en'),(3855,'swell',5,'en'),(3856,'dress',5,'en'),(3857,'surprising',10,'en'),(3858,'demographic',11,'en'),(3859,'vacuum',6,'en'),(3860,'succeed',7,'en'),(3861,'foot',4,'en'),(3862,'plant',5,'en'),(3863,'four',4,'en'),(3864,'ad',2,'en'),(3865,'desire',6,'en'),(3866,'minister',8,'en'),(3867,'power',5,'en'),(3868,'cook',4,'en'),(3869,'anyone',6,'en'),(3870,'mind',4,'en'),(3871,'improve',7,'en'),(3872,'Irish',5,'en'),(3873,'woman',5,'en'),(3874,'communicate',11,'en'),(3875,'gentleman',9,'en'),(3876,'roughly',7,'en'),(3877,'compliance',10,'en'),(3878,'impact',6,'en'),(3879,'tea',3,'en'),(3880,'quantity',8,'en'),(3881,'poor',4,'en'),(3882,'badly',5,'en'),(3883,'air',3,'en'),(3884,'native',6,'en'),(3885,'steam',5,'en'),(3886,'swear',5,'en'),(3887,'lunch',5,'en'),(3888,'appeal',6,'en'),(3889,'from',4,'en'),(3890,'review',6,'en'),(3891,'diet',4,'en'),(3892,'emphasize',9,'en'),(3893,'transaction',11,'en'),(3894,'identical',9,'en'),(3895,'reading',7,'en'),(3896,'emotionally',11,'en'),(3897,'tragic',6,'en'),(3898,'confuse',7,'en'),(3899,'resign',6,'en'),(3900,'neighbor',8,'en'),(3901,'historic',8,'en'),(3902,'consultant',10,'en'),(3903,'cross',5,'en'),(3904,'thrive',6,'en'),(3905,'hunger',6,'en'),(3906,'driver',6,'en'),(3907,'ie',2,'en'),(3908,'except',6,'en'),(3909,'former',6,'en'),(3910,'studio',6,'en'),(3911,'marketing',9,'en'),(3912,'tactic',6,'en'),(3913,'format',6,'en'),(3914,'maker',5,'en'),(3915,'marine',6,'en'),(3916,'bird',4,'en'),(3917,'commonly',8,'en'),(3918,'deploy',6,'en'),(3919,'housing',7,'en'),(3920,'serious',7,'en'),(3921,'begin',5,'en'),(3922,'immune',6,'en'),(3923,'terms',5,'en'),(3924,'factor',6,'en'),(3925,'accommodate',11,'en'),(3926,'tooth',5,'en'),(3927,'wall',4,'en'),(3928,'nose',4,'en'),(3929,'buyer',5,'en'),(3930,'trunk',5,'en'),(3931,'truth',5,'en'),(3932,'similar',7,'en'),(3933,'continuing',10,'en'),(3934,'ride',4,'en'),(3935,'you',3,'en'),(3936,'deliver',7,'en'),(3937,'oversee',7,'en'),(3938,'seed',4,'en'),(3939,'grab',4,'en'),(3940,'cold',4,'en'),(3941,'God',3,'en'),(3942,'privately',9,'en'),(3943,'earthquake',10,'en'),(3944,'roof',4,'en'),(3945,'manage',6,'en'),(3946,'being',5,'en'),(3947,'reach',5,'en'),(3948,'used',4,'en'),(3949,'Asian',5,'en'),(3950,'quarterback',11,'en'),(3951,'guarantee',9,'en'),(3952,'cue',3,'en'),(3953,'training',8,'en'),(3954,'search',6,'en'),(3955,'fraud',5,'en'),(3956,'anywhere',8,'en'),(3957,'shoulder',8,'en'),(3958,'observe',7,'en'),(3959,'rehabilitation',14,'en'),(3960,'scent',5,'en'),(3961,'secret',6,'en'),(3962,'panel',5,'en'),(3963,'exclusive',9,'en'),(3964,'bike',4,'en'),(3965,'chamber',7,'en'),(3966,'prohibit',8,'en'),(3967,'modest',6,'en'),(3968,'himself',7,'en'),(3969,'truck',5,'en'),(3970,'ideal',5,'en'),(3971,'Soviet',6,'en'),(3972,'importantly',11,'en'),(3973,'burn',4,'en'),(3974,'formation',9,'en'),(3975,'flat',4,'en'),(3976,'frequently',10,'en'),(3977,'curiosity',9,'en'),(3978,'pork',4,'en'),(3979,'coal',4,'en'),(3980,'least',5,'en'),(3981,'favor',5,'en'),(3982,'ask',3,'en'),(3983,'during',6,'en'),(3984,'statue',6,'en'),(3985,'experimental',12,'en'),(3986,'bell',4,'en'),(3987,'blanket',7,'en'),(3988,'direction',9,'en'),(3989,'purchase',8,'en'),(3990,'attorney',8,'en'),(3991,'baby',4,'en'),(3992,'finger',6,'en'),(3993,'living',6,'en'),(3994,'operator',8,'en'),(3995,'happiness',9,'en'),(3996,'relieve',7,'en'),(3997,'solve',5,'en'),(3998,'big',3,'en'),(3999,'worried',7,'en'),(4000,'expected',8,'en'),(4001,'find',4,'en'),(4002,'bus',3,'en'),(4003,'camp',4,'en'),(4004,'pastor',6,'en'),(4005,'poke',4,'en'),(4006,'philosophical',13,'en'),(4007,'spring',6,'en'),(4008,'impression',10,'en'),(4009,'traditionally',13,'en'),(4010,'central',7,'en'),(4011,'confront',8,'en'),(4012,'gallery',7,'en'),(4013,'chef',4,'en'),(4014,'controversial',13,'en'),(4015,'technical',9,'en'),(4016,'tunnel',6,'en'),(4017,'desperate',9,'en'),(4018,'provided',8,'en'),(4019,'socially',8,'en'),(4020,'nevertheless',12,'en'),(4021,'damn',4,'en'),(4022,'sector',6,'en'),(4023,'fashion',7,'en'),(4024,'sprinkle',8,'en'),(4025,'wish',4,'en'),(4026,'citizen',7,'en'),(4027,'plus',4,'en'),(4028,'example',7,'en'),(4029,'ongoing',7,'en'),(4030,'constant',8,'en'),(4031,'continuous',10,'en'),(4032,'judicial',8,'en'),(4033,'grace',5,'en'),(4034,'mad',3,'en'),(4035,'merit',5,'en'),(4036,'nothing',7,'en'),(4037,'cheese',6,'en'),(4038,'workout',7,'en'),(4039,'baseball',8,'en'),(4040,'hear',4,'en'),(4041,'truly',5,'en'),(4042,'tall',4,'en'),(4043,'belly',5,'en'),(4044,'trouble',7,'en'),(4045,'persuade',8,'en'),(4046,'low',3,'en'),(4047,'sheer',5,'en'),(4048,'mandate',7,'en'),(4049,'reflection',10,'en'),(4050,'mansion',7,'en'),(4051,'wheelchair',10,'en'),(4052,'aide',4,'en'),(4053,'strictly',8,'en'),(4054,'intention',9,'en'),(4055,'angel',5,'en'),(4056,'captain',7,'en'),(4057,'ah',2,'en'),(4058,'active',6,'en'),(4059,'suffering',9,'en'),(4060,'personally',10,'en'),(4061,'DNA',3,'en'),(4062,'presentation',12,'en'),(4063,'two-thirds',10,'en'),(4064,'estate',6,'en'),(4065,'with',4,'en'),(4066,'port',4,'en'),(4067,'within',6,'en'),(4068,'infection',9,'en'),(4069,'cancer',6,'en'),(4070,'patch',5,'en'),(4071,'ankle',5,'en'),(4072,'occasion',8,'en'),(4073,'tool',4,'en'),(4074,'innovative',10,'en'),(4075,'Persian',7,'en'),(4076,'recognize',9,'en'),(4077,'generally',9,'en'),(4078,'last',4,'en'),(4079,'river',5,'en'),(4080,'corn',4,'en'),(4081,'whole',5,'en'),(4082,'practically',11,'en'),(4083,'routine',7,'en'),(4084,'host',4,'en'),(4085,'engineer',8,'en'),(4086,'policy',6,'en'),(4087,'accompany',9,'en'),(4088,'attach',6,'en'),(4089,'less',4,'en'),(4090,'engine',6,'en'),(4091,'stomach',7,'en'),(4092,'forehead',8,'en'),(4093,'climb',5,'en'),(4094,'policeman',9,'en'),(4095,'veteran',7,'en'),(4096,'church',6,'en'),(4097,'considerable',12,'en'),(4098,'via',3,'en'),(4099,'who',3,'en'),(4100,'electronic',10,'en'),(4101,'split',5,'en'),(4102,'technician',10,'en'),(4103,'tighten',7,'en'),(4104,'gathering',9,'en'),(4105,'bite',4,'en'),(4106,'forever',7,'en'),(4107,'careful',7,'en'),(4108,'protection',10,'en'),(4109,'whale',5,'en'),(4110,'assessment',10,'en'),(4111,'design',6,'en'),(4112,'ours',4,'en'),(4113,'term',4,'en'),(4114,'constitution',12,'en'),(4115,'relate',6,'en'),(4116,'nonprofit',9,'en'),(4117,'conversation',12,'en'),(4118,'cabinet',7,'en'),(4119,'religion',8,'en'),(4120,'eight',5,'en'),(4121,'heavy',5,'en'),(4122,'pull',4,'en'),(4123,'bloody',6,'en'),(4124,'working',7,'en'),(4125,'eventually',10,'en'),(4126,'hole',4,'en'),(4127,'aggression',10,'en'),(4128,'sidewalk',8,'en'),(4129,'real',4,'en'),(4130,'mm-hmm',6,'en'),(4131,'critic',6,'en'),(4132,'below',5,'en'),(4133,'plate',5,'en'),(4134,'African',7,'en'),(4135,'fighter',7,'en'),(4136,'driving',7,'en'),(4137,'patience',8,'en'),(4138,'grow',4,'en'),(4139,'satisfy',7,'en'),(4140,'mortgage',8,'en'),(4141,'tragedy',7,'en'),(4142,'warrior',7,'en'),(4143,'fee',3,'en'),(4144,'recording',9,'en'),(4145,'accomplish',10,'en'),(4146,'undertake',9,'en'),(4147,'map',3,'en'),(4148,'democratic',10,'en'),(4149,'tax',3,'en'),(4150,'slap',4,'en'),(4151,'maximum',7,'en'),(4152,'fame',4,'en'),(4153,'box',3,'en'),(4154,'habitat',7,'en'),(4155,'defender',8,'en'),(4156,'house',5,'en'),(4157,'technique',9,'en'),(4158,'shift',5,'en'),(4159,'passing',7,'en'),(4160,'dance',5,'en'),(4161,'yeah',4,'en'),(4162,'agenda',6,'en'),(4163,'introduce',9,'en'),(4164,'vertical',8,'en'),(4165,'universe',8,'en'),(4166,'exotic',6,'en'),(4167,'destination',11,'en'),(4168,'sequence',8,'en'),(4169,'sunlight',8,'en'),(4170,'limit',5,'en'),(4171,'surprise',8,'en'),(4172,'family',6,'en'),(4173,'regulation',10,'en'),(4174,'definitely',10,'en'),(4175,'ecological',10,'en'),(4176,'naturally',9,'en'),(4177,'myself',6,'en'),(4178,'fiction',7,'en'),(4179,'tackle',6,'en'),(4180,'difference',10,'en'),(4181,'excellent',9,'en'),(4182,'contact',7,'en'),(4183,'define',6,'en'),(4184,'room',4,'en'),(4185,'sibling',7,'en'),(4186,'mail',4,'en'),(4187,'principle',9,'en'),(4188,'strong',6,'en'),(4189,'allow',5,'en'),(4190,'drinking',8,'en'),(4191,'direct',6,'en'),(4192,'audience',8,'en'),(4193,'physician',9,'en'),(4194,'beyond',6,'en'),(4195,'wage',4,'en'),(4196,'artist',6,'en'),(4197,'dining',6,'en'),(4198,'likelihood',10,'en'),(4199,'balloon',7,'en'),(4200,'skin',4,'en'),(4201,'necessarily',11,'en'),(4202,'growth',6,'en'),(4203,'muscle',6,'en'),(4204,'hand',4,'en'),(4205,'yield',5,'en'),(4206,'match',5,'en'),(4207,'hit',3,'en'),(4208,'card',4,'en'),(4209,'thank',5,'en'),(4210,'closely',7,'en'),(4211,'disaster',8,'en'),(4212,'birth',5,'en'),(4213,'horn',4,'en'),(4214,'frankly',7,'en'),(4215,'delicate',8,'en'),(4216,'confess',7,'en'),(4217,'laughter',8,'en'),(4218,'Mexican',7,'en'),(4219,'prayer',6,'en'),(4220,'attraction',10,'en'),(4221,'mother',6,'en'),(4222,'self-esteem',11,'en'),(4223,'silence',7,'en'),(4224,'improved',8,'en'),(4225,'sign',4,'en'),(4226,'topic',5,'en'),(4227,'schedule',8,'en'),(4228,'content',7,'en'),(4229,'arise',5,'en'),(4230,'yourself',8,'en'),(4231,'lens',4,'en'),(4232,'oppose',6,'en'),(4233,'Palestinian',11,'en'),(4234,'advance',7,'en'),(4235,'physical',8,'en'),(4236,'short',5,'en'),(4237,'phenomenon',10,'en'),(4238,'gut',3,'en'),(4239,'privilege',9,'en'),(4240,'identification',14,'en'),(4241,'jazz',4,'en'),(4242,'job',3,'en'),(4243,'university',10,'en'),(4244,'although',8,'en'),(4245,'journalism',10,'en'),(4246,'pasta',5,'en'),(4247,'inside',6,'en'),(4248,'privacy',7,'en'),(4249,'fitness',7,'en'),(4250,'birthday',8,'en'),(4251,'respectively',12,'en'),(4252,'old-fashioned',13,'en'),(4253,'frequency',9,'en'),(4254,'business',8,'en'),(4255,'own',3,'en'),(4256,'elementary',10,'en'),(4257,'mirror',6,'en'),(4258,'acceptable',10,'en'),(4259,'creativity',10,'en'),(4260,'extensive',9,'en'),(4261,'puzzle',6,'en'),(4262,'respondent',10,'en'),(4263,'kit',3,'en'),(4264,'rain',4,'en'),(4265,'item',4,'en'),(4266,'forest',6,'en'),(4267,'core',4,'en'),(4268,'parish',6,'en'),(4269,'important',9,'en'),(4270,'counter',7,'en'),(4271,'spin',4,'en'),(4272,'silver',6,'en'),(4273,'life',4,'en'),(4274,'reportedly',10,'en'),(4275,'minimal',7,'en'),(4276,'absorb',6,'en'),(4277,'assumption',10,'en'),(4278,'discipline',10,'en'),(4279,'softly',6,'en'),(4280,'sovereignty',11,'en'),(4281,'brief',5,'en'),(4282,'steady',6,'en'),(4283,'message',7,'en'),(4284,'some',4,'en'),(4285,'bone',4,'en'),(4286,'stove',5,'en'),(4287,'convert',7,'en'),(4288,'my',2,'en'),(4289,'speculate',9,'en'),(4290,'enroll',6,'en'),(4291,'therapist',9,'en'),(4292,'motor',5,'en'),(4293,'tablespoon',10,'en'),(4294,'correlation',11,'en'),(4295,'occasionally',12,'en'),(4296,'dead',4,'en'),(4297,'sir',3,'en'),(4298,'accessible',10,'en'),(4299,'hazard',6,'en'),(4300,'violent',7,'en'),(4301,'one-third',9,'en'),(4302,'politically',11,'en'),(4303,'select',6,'en'),(4304,'bias',4,'en'),(4305,'distribution',12,'en'),(4306,'recover',7,'en'),(4307,'describe',8,'en'),(4308,'competition',11,'en'),(4309,'mostly',6,'en'),(4310,'alike',5,'en'),(4311,'suggestion',10,'en'),(4312,'plan',4,'en'),(4313,'aim',3,'en'),(4314,'hidden',6,'en'),(4315,'skip',4,'en'),(4316,'lot',3,'en'),(4317,'at',2,'en'),(4318,'plot',4,'en'),(4319,'unprecedented',13,'en'),(4320,'incentive',9,'en'),(4321,'deck',4,'en'),(4322,'available',9,'en'),(4323,'stimulus',8,'en'),(4324,'hike',4,'en'),(4325,'steadily',8,'en'),(4326,'five',4,'en'),(4327,'history',7,'en'),(4328,'museum',6,'en'),(4329,'immediate',9,'en'),(4330,'legislation',11,'en'),(4331,'lay',3,'en'),(4332,'routinely',9,'en'),(4333,'pop',3,'en'),(4334,'influential',11,'en'),(4335,'highly',6,'en'),(4336,'morning',7,'en'),(4337,'species',7,'en'),(4338,'source',6,'en'),(4339,'common',6,'en'),(4340,'proper',6,'en'),(4341,'enable',6,'en'),(4342,'prescription',12,'en'),(4343,'restaurant',10,'en'),(4344,'biological',10,'en'),(4345,'recruit',7,'en'),(4346,'diplomat',8,'en'),(4347,'leadership',10,'en'),(4348,'pale',4,'en'),(4349,'budget',6,'en'),(4350,'member',6,'en'),(4351,'sleeve',6,'en'),(4352,'parental',8,'en'),(4353,'ballot',6,'en'),(4354,'file',4,'en'),(4355,'processing',10,'en'),(4356,'bill',4,'en'),(4357,'description',11,'en'),(4358,'fund',4,'en'),(4359,'lesson',6,'en'),(4360,'courtroom',9,'en'),(4361,'prosecutor',10,'en'),(4362,'register',8,'en'),(4363,'research',8,'en'),(4364,'employer',8,'en'),(4365,'debut',5,'en'),(4366,'fill',4,'en'),(4367,'rat',3,'en'),(4368,'rope',4,'en'),(4369,'portrait',8,'en'),(4370,'rally',5,'en'),(4371,'here',4,'en'),(4372,'awful',5,'en'),(4373,'guard',5,'en'),(4374,'expansion',9,'en'),(4375,'meter',5,'en'),(4376,'favorite',8,'en'),(4377,'colleague',9,'en'),(4378,'humor',5,'en'),(4379,'announcement',12,'en'),(4380,'ego',3,'en'),(4381,'moon',4,'en'),(4382,'broken',6,'en'),(4383,'past',4,'en'),(4384,'capable',7,'en'),(4385,'grin',4,'en'),(4386,'possession',10,'en'),(4387,'generous',8,'en'),(4388,'complexity',10,'en'),(4389,'politics',8,'en'),(4390,'hide',4,'en'),(4391,'horse',5,'en'),(4392,'invisible',9,'en'),(4393,'relative',8,'en'),(4394,'comparison',10,'en'),(4395,'ingredient',10,'en'),(4396,'tolerance',9,'en'),(4397,'fourth',6,'en'),(4398,'agency',6,'en'),(4399,'jump',4,'en'),(4400,'harsh',5,'en'),(4401,'shrink',6,'en'),(4402,'underlying',10,'en'),(4403,'toxic',5,'en'),(4404,'swing',5,'en'),(4405,'fence',5,'en'),(4406,'readily',7,'en'),(4407,'northeast',9,'en'),(4408,'success',7,'en'),(4409,'express',7,'en'),(4410,'explain',7,'en'),(4411,'bottle',6,'en'),(4412,'additional',10,'en'),(4413,'election',8,'en'),(4414,'piece',5,'en'),(4415,'teammate',8,'en'),(4416,'those',5,'en'),(4417,'wilderness',10,'en'),(4418,'alongside',9,'en'),(4419,'solely',6,'en'),(4420,'genetic',7,'en'),(4421,'comment',7,'en'),(4422,'under',5,'en'),(4423,'expect',6,'en'),(4424,'lifestyle',9,'en'),(4425,'prime',5,'en'),(4426,'cut',3,'en'),(4427,'repeatedly',10,'en'),(4428,'disk',4,'en'),(4429,'wife',4,'en'),(4430,'regulator',9,'en'),(4431,'exchange',8,'en'),(4432,'selection',9,'en'),(4433,'presumably',10,'en'),(4434,'sentence',8,'en'),(4435,'evaluation',10,'en'),(4436,'investor',8,'en'),(4437,'concerned',9,'en'),(4438,'able',4,'en'),(4439,'exhibition',10,'en'),(4440,'phrase',6,'en'),(4441,'somewhere',9,'en'),(4442,'number',6,'en'),(4443,'store',5,'en'),(4444,'create',6,'en'),(4445,'already',7,'en'),(4446,'behave',6,'en'),(4447,'appoint',7,'en'),(4448,'deer',4,'en'),(4449,'supply',6,'en'),(4450,'recipe',6,'en'),(4451,'casino',6,'en'),(4452,'chop',4,'en'),(4453,'ground',6,'en'),(4454,'running',7,'en'),(4455,'rocket',6,'en'),(4456,'condemn',7,'en'),(4457,'spite',5,'en'),(4458,'mouse',5,'en'),(4459,'snap',4,'en'),(4460,'strike',6,'en'),(4461,'corruption',10,'en'),(4462,'decide',6,'en'),(4463,'score',5,'en'),(4464,'strengthen',10,'en'),(4465,'fortunately',11,'en'),(4466,'transition',10,'en'),(4467,'shelter',7,'en'),(4468,'anniversary',11,'en'),(4469,'risky',5,'en'),(4470,'dependent',9,'en'),(4471,'intense',7,'en'),(4472,'check',5,'en'),(4473,'irony',5,'en'),(4474,'hell',4,'en'),(4475,'largely',7,'en'),(4476,'health-care',11,'en'),(4477,'heat',4,'en'),(4478,'Senate',6,'en'),(4479,'violence',8,'en'),(4480,'cruise',6,'en'),(4481,'land',4,'en'),(4482,'textbook',8,'en'),(4483,'mount',5,'en'),(4484,'weekend',7,'en'),(4485,'complicated',11,'en'),(4486,'anymore',7,'en'),(4487,'listener',8,'en'),(4488,'set',3,'en'),(4489,'expression',10,'en'),(4490,'flame',5,'en'),(4491,'fact',4,'en'),(4492,'furthermore',11,'en'),(4493,'violate',7,'en'),(4494,'recall',6,'en'),(4495,'discovery',9,'en'),(4496,'opposed',7,'en'),(4497,'senator',7,'en'),(4498,'federal',7,'en'),(4499,'tobacco',7,'en'),(4500,'survey',6,'en'),(4501,'representation',14,'en'),(4502,'sole',4,'en'),(4503,'abandon',7,'en'),(4504,'cattle',6,'en'),(4505,'transit',7,'en'),(4506,'suspicious',10,'en'),(4507,'defendant',9,'en'),(4508,'retreat',7,'en'),(4509,'anyway',6,'en'),(4510,'stop',4,'en'),(4511,'conservation',12,'en'),(4512,'stiff',5,'en'),(4513,'technology',10,'en'),(4514,'hockey',6,'en'),(4515,'may',3,'en'),(4516,'aesthetic',9,'en'),(4517,'supermarket',11,'en'),(4518,'fraction',8,'en'),(4519,'regional',8,'en'),(4520,'solid',5,'en'),(4521,'eligible',8,'en'),(4522,'high',4,'en'),(4523,'epidemic',8,'en'),(4524,'kneel',5,'en'),(4525,'lawsuit',7,'en'),(4526,'freely',6,'en'),(4527,'recently',8,'en'),(4528,'regain',6,'en'),(4529,'trainer',7,'en'),(4530,'evaluate',8,'en'),(4531,'patrol',6,'en'),(4532,'flexible',8,'en'),(4533,'inquiry',7,'en'),(4534,'inherent',8,'en'),(4535,'sofa',4,'en'),(4536,'calculate',9,'en'),(4537,'classical',9,'en'),(4538,'friendly',8,'en'),(4539,'return',6,'en'),(4540,'summary',7,'en'),(4541,'pleasant',8,'en'),(4542,'partner',7,'en'),(4543,'association',11,'en'),(4544,'headache',8,'en'),(4545,'informal',8,'en'),(4546,'later',5,'en'),(4547,'reaction',8,'en'),(4548,'dense',5,'en'),(4549,'tap',3,'en'),(4550,'horrible',8,'en'),(4551,'scientist',9,'en'),(4552,'similarly',9,'en'),(4553,'size',4,'en'),(4554,'vision',6,'en'),(4555,'attempt',7,'en'),(4556,'depending',9,'en'),(4557,'put',3,'en'),(4558,'examine',7,'en'),(4559,'technological',13,'en'),(4560,'blow',4,'en'),(4561,'true',4,'en'),(4562,'usually',7,'en'),(4563,'wood',4,'en'),(4564,'odds',4,'en'),(4565,'encouraging',11,'en'),(4566,'municipal',9,'en'),(4567,'official',8,'en'),(4568,'championship',12,'en'),(4569,'expert',6,'en'),(4570,'outer',5,'en'),(4571,'channel',7,'en'),(4572,'head',4,'en'),(4573,'lifetime',8,'en'),(4574,'communication',13,'en'),(4575,'widely',6,'en'),(4576,'opinion',7,'en'),(4577,'rank',4,'en'),(4578,'midnight',8,'en'),(4579,'hospital',8,'en'),(4580,'pump',4,'en'),(4581,'broker',6,'en'),(4582,'photograph',10,'en'),(4583,'ban',3,'en'),(4584,'clock',5,'en'),(4585,'traveler',8,'en'),(4586,'frustrate',9,'en'),(4587,'officially',10,'en'),(4588,'concerning',10,'en'),(4589,'pit',3,'en'),(4590,'differ',6,'en'),(4591,'fewer',5,'en'),(4592,'stick',5,'en'),(4593,'meat',4,'en'),(4594,'contractor',10,'en'),(4595,'planning',8,'en'),(4596,'inspection',10,'en'),(4597,'warn',4,'en'),(4598,'Jew',3,'en'),(4599,'thin',4,'en'),(4600,'resort',6,'en'),(4601,'terrific',8,'en'),(4602,'natural',7,'en'),(4603,'greatest',8,'en'),(4604,'reasonable',10,'en'),(4605,'partnership',11,'en'),(4606,'healthy',7,'en'),(4607,'vendor',6,'en'),(4608,'stream',6,'en'),(4609,'associated',10,'en'),(4610,'neck',4,'en'),(4611,'illness',7,'en'),(4612,'arrangement',11,'en'),(4613,'colonial',8,'en'),(4614,'virus',5,'en'),(4615,'written',7,'en'),(4616,'producer',8,'en'),(4617,'seller',6,'en'),(4618,'occasional',10,'en'),(4619,'hour',4,'en'),(4620,'sweater',7,'en'),(4621,'propose',7,'en'),(4622,'protocol',8,'en'),(4623,'collapse',8,'en'),(4624,'spectacular',11,'en'),(4625,'farm',4,'en'),(4626,'speech',6,'en'),(4627,'cage',4,'en'),(4628,'anxious',7,'en'),(4629,'see',3,'en'),(4630,'concede',7,'en'),(4631,'congressional',13,'en'),(4632,'rule',4,'en'),(4633,'ticket',6,'en'),(4634,'visible',7,'en'),(4635,'resistance',10,'en'),(4636,'expose',6,'en'),(4637,'characteristic',14,'en'),(4638,'rich',4,'en'),(4639,'motion',6,'en'),(4640,'homeless',8,'en'),(4641,'diagnosis',9,'en'),(4642,'sacrifice',9,'en'),(4643,'treat',5,'en'),(4644,'garbage',7,'en'),(4645,'statistics',10,'en'),(4646,'ritual',6,'en'),(4647,'magnitude',9,'en'),(4648,'hardly',6,'en'),(4649,'lend',4,'en'),(4650,'aunt',4,'en'),(4651,'sanction',8,'en'),(4652,'gradually',9,'en'),(4653,'slip',4,'en'),(4654,'entitle',7,'en'),(4655,'somehow',7,'en'),(4656,'peak',4,'en'),(4657,'group',5,'en'),(4658,'ambassador',10,'en'),(4659,'she',3,'en'),(4660,'banana',6,'en'),(4661,'cheat',5,'en'),(4662,'progress',8,'en'),(4663,'well',4,'en'),(4664,'kitchen',7,'en'),(4665,'curtain',7,'en'),(4666,'smile',5,'en'),(4667,'phone',5,'en'),(4668,'sauce',5,'en'),(4669,'scramble',8,'en'),(4670,'extent',6,'en'),(4671,'leading',7,'en'),(4672,'automatic',9,'en'),(4673,'known',5,'en'),(4674,'picture',7,'en'),(4675,'nor',3,'en'),(4676,'fat',3,'en'),(4677,'ice',3,'en'),(4678,'Latin',5,'en'),(4679,'trade',5,'en'),(4680,'island',6,'en'),(4681,'visual',6,'en'),(4682,'help',4,'en'),(4683,'red',3,'en'),(4684,'manipulate',10,'en'),(4685,'salt',4,'en'),(4686,'frontier',8,'en'),(4687,'pursuit',7,'en'),(4688,'facilitate',10,'en'),(4689,'second',6,'en'),(4690,'ranch',5,'en'),(4691,'injure',6,'en'),(4692,'kiss',4,'en'),(4693,'mom',3,'en'),(4694,'harvest',7,'en'),(4695,'elsewhere',9,'en'),(4696,'camera',6,'en'),(4697,'grain',5,'en'),(4698,'economy',7,'en'),(4699,'execute',7,'en'),(4700,'painting',8,'en'),(4701,'eyebrow',7,'en'),(4702,'golden',6,'en'),(4703,'indeed',6,'en'),(4704,'distinction',11,'en'),(4705,'bake',4,'en'),(4706,'supplier',8,'en'),(4707,'merely',6,'en'),(4708,'royal',5,'en'),(4709,'spokesman',9,'en'),(4710,'broad',5,'en'),(4711,'yet',3,'en'),(4712,'rate',4,'en'),(4713,'ironically',10,'en'),(4714,'all',3,'en'),(4715,'bee',3,'en'),(4716,'southwest',9,'en'),(4717,'bomb',4,'en'),(4718,'astronomer',10,'en'),(4719,'bubble',6,'en'),(4720,'twentieth',9,'en'),(4721,'oh',2,'en'),(4722,'prison',6,'en'),(4723,'outlet',6,'en'),(4724,'participate',11,'en'),(4725,'recipient',9,'en'),(4726,'rabbit',6,'en'),(4727,'substantial',11,'en'),(4728,'summer',6,'en'),(4729,'unfold',6,'en'),(4730,'license',7,'en'),(4731,'sister',6,'en'),(4732,'drawing',7,'en'),(4733,'insist',6,'en'),(4734,'seventh',7,'en'),(4735,'deficit',7,'en'),(4736,'represent',9,'en'),(4737,'achieve',7,'en'),(4738,'pocket',6,'en'),(4739,'gently',6,'en'),(4740,'where',5,'en'),(4741,'I',1,'en'),(4742,'know',4,'en'),(4743,'minute',6,'en'),(4744,'stroke',6,'en'),(4745,'act',3,'en'),(4746,'athletic',8,'en'),(4747,'spot',4,'en'),(4748,'incorporate',11,'en'),(4749,'oxygen',6,'en'),(4750,'client',6,'en'),(4751,'mainly',6,'en'),(4752,'boss',4,'en'),(4753,'collar',6,'en'),(4754,'temporary',9,'en'),(4755,'tremendous',10,'en'),(4756,'counterpart',11,'en'),(4757,'molecule',8,'en'),(4758,'chair',5,'en'),(4759,'negotiation',11,'en'),(4760,'photographer',12,'en'),(4761,'confrontation',13,'en'),(4762,'questionnaire',13,'en'),(4763,'dangerous',9,'en'),(4764,'professor',9,'en'),(4765,'early',5,'en'),(4766,'teen',4,'en'),(4767,'evil',4,'en'),(4768,'drink',5,'en'),(4769,'teaspoon',8,'en'),(4770,'fresh',5,'en'),(4771,'eighth',6,'en'),(4772,'rough',5,'en'),(4773,'naked',5,'en'),(4774,'soften',6,'en'),(4775,'English',7,'en'),(4776,'ultimate',8,'en'),(4777,'board',5,'en'),(4778,'daughter',8,'en'),(4779,'behind',6,'en'),(4780,'coast',5,'en'),(4781,'translate',9,'en'),(4782,'hot',3,'en'),(4783,'skill',5,'en'),(4784,'equity',6,'en'),(4785,'rise',4,'en'),(4786,'little',6,'en'),(4787,'compose',7,'en'),(4788,'purple',6,'en'),(4789,'switch',6,'en'),(4790,'belief',6,'en'),(4791,'boast',5,'en'),(4792,'despite',7,'en'),(4793,'nomination',10,'en'),(4794,'notice',6,'en'),(4795,'benefit',7,'en'),(4796,'otherwise',9,'en'),(4797,'mobile',6,'en'),(4798,'extended',8,'en'),(4799,'regularly',9,'en'),(4800,'outline',7,'en'),(4801,'reporter',8,'en'),(4802,'go',2,'en'),(4803,'frustration',11,'en'),(4804,'joy',3,'en'),(4805,'site',4,'en'),(4806,'restriction',11,'en'),(4807,'personal',8,'en'),(4808,'threshold',9,'en'),(4809,'unhappy',7,'en'),(4810,'shelf',5,'en'),(4811,'present',7,'en'),(4812,'comparable',10,'en'),(4813,'against',7,'en'),(4814,'closet',6,'en'),(4815,'dimension',9,'en'),(4816,'college',7,'en'),(4817,'out',3,'en'),(4818,'transfer',8,'en'),(4819,'reply',5,'en'),(4820,'blink',5,'en'),(4821,'timber',6,'en'),(4822,'tuck',4,'en'),(4823,'stir',4,'en'),(4824,'the',3,'en'),(4825,'overcome',8,'en'),(4826,'subtle',6,'en'),(4827,'partial',7,'en'),(4828,'primarily',9,'en'),(4829,'unit',4,'en'),(4830,'divine',6,'en'),(4831,'wake',4,'en'),(4832,'comedy',6,'en'),(4833,'voluntary',9,'en'),(4834,'live',4,'en'),(4835,'costume',7,'en'),(4836,'rapidly',7,'en'),(4837,'overnight',9,'en'),(4838,'straight',8,'en'),(4839,'cap',3,'en'),(4840,'thereby',7,'en'),(4841,'slice',5,'en'),(4842,'father',6,'en'),(4843,'everywhere',10,'en'),(4844,'institutional',13,'en'),(4845,'lecture',7,'en'),(4846,'fan',3,'en'),(4847,'poet',4,'en'),(4848,'whip',4,'en'),(4849,'agent',5,'en'),(4850,'selected',8,'en'),(4851,'feminist',8,'en'),(4852,'intelligence',12,'en'),(4853,'boat',4,'en'),(4854,'senior',6,'en'),(4855,'cake',4,'en'),(4856,'agriculture',11,'en'),(4857,'reminder',8,'en'),(4858,'crime',5,'en'),(4859,'pine',4,'en'),(4860,'advocate',8,'en'),(4861,'equip',5,'en'),(4862,'difficult',9,'en'),(4863,'team',4,'en'),(4864,'oral',4,'en'),(4865,'one',3,'en'),(4866,'tumor',5,'en'),(4867,'contest',7,'en'),(4868,'cholesterol',11,'en'),(4869,'implication',11,'en'),(4870,'electronics',11,'en'),(4871,'missile',7,'en'),(4872,'canvas',6,'en'),(4873,'tourist',7,'en'),(4874,'internal',8,'en'),(4875,'more',4,'en'),(4876,'fantasy',7,'en'),(4877,'assignment',10,'en'),(4878,'wrong',5,'en'),(4879,'tray',4,'en'),(4880,'openly',6,'en'),(4881,'donor',5,'en'),(4882,'finance',7,'en'),(4883,'manner',6,'en'),(4884,'girlfriend',10,'en'),(4885,'tiny',4,'en'),(4886,'vital',5,'en'),(4887,'invitation',10,'en'),(4888,'drill',5,'en'),(4889,'trial',5,'en'),(4890,'lion',4,'en'),(4891,'safety',6,'en'),(4892,'funny',5,'en'),(4893,'display',7,'en'),(4894,'themselves',10,'en'),(4895,'increasing',10,'en'),(4896,'withdraw',8,'en'),(4897,'queen',5,'en'),(4898,'signal',6,'en'),(4899,'lost',4,'en'),(4900,'visitor',7,'en'),(4901,'elder',5,'en'),(4902,'they',4,'en'),(4903,'liability',9,'en'),(4904,'seal',4,'en'),(4905,'avoid',5,'en'),(4906,'suspect',7,'en'),(4907,'survival',8,'en'),(4908,'share',5,'en'),(4909,'cliff',5,'en'),(4910,'initiative',10,'en'),(4911,'pregnant',8,'en'),(4912,'rage',4,'en'),(4913,'activity',8,'en'),(4914,'simple',6,'en'),(4915,'mentally',8,'en'),(4916,'every',5,'en'),(4917,'retain',6,'en'),(4918,'appreciate',10,'en'),(4919,'ass',3,'en'),(4920,'considerably',12,'en'),(4921,'read',4,'en'),(4922,'arena',5,'en'),(4923,'gym',3,'en'),(4924,'existing',8,'en'),(4925,'metropolitan',12,'en'),(4926,'well-known',10,'en'),(4927,'game',4,'en'),(4928,'surface',7,'en'),(4929,'rival',5,'en'),(4930,'chemistry',9,'en'),(4931,'dilemma',7,'en'),(4932,'advanced',8,'en'),(4933,'movie',5,'en'),(4934,'stretch',7,'en'),(4935,'haul',4,'en'),(4936,'eat',3,'en'),(4937,'sigh',4,'en'),(4938,'lamp',4,'en'),(4939,'bureau',6,'en'),(4940,'religious',9,'en'),(4941,'asleep',6,'en'),(4942,'form',4,'en'),(4943,'manufacturing',13,'en'),(4944,'pulse',5,'en'),(4945,'intent',6,'en'),(4946,'abortion',8,'en'),(4947,'stare',5,'en'),(4948,'corridor',8,'en'),(4949,'shot',4,'en'),(4950,'promotion',9,'en'),(4951,'tide',4,'en'),(4952,'likely',6,'en'),(4953,'cocaine',7,'en'),(4954,'never',5,'en'),(4955,'sand',4,'en'),(4956,'surprisingly',12,'en'),(4957,'indigenous',10,'en'),(4958,'cloth',5,'en'),(4959,'think',5,'en'),(4960,'either',6,'en'),(4961,'imagine',7,'en'),(4962,'familiar',8,'en'),(4963,'derive',6,'en'),(4964,'easy',4,'en'),(4965,'illusion',8,'en'),(4966,'make',4,'en'),(4967,'clinical',8,'en'),(4968,'genre',5,'en'),(4969,'test',4,'en'),(4970,'moment',6,'en'),(4971,'liberty',7,'en'),(4972,'highway',7,'en'),(4973,'holy',4,'en'),(4974,'momentum',8,'en'),(4975,'turkey',6,'en'),(4976,'invention',9,'en'),(4977,'democracy',9,'en'),(4978,'clean',5,'en'),(4979,'length',6,'en'),(4980,'simultaneously',14,'en'),(4981,'treatment',9,'en'),(4982,'soldier',7,'en'),(4983,'pressure',8,'en'),(4984,'access',6,'en'),(4985,'harassment',10,'en'),(4986,'works',5,'en'),(4987,'aid',3,'en'),(4988,'ancient',7,'en'),(4989,'chance',6,'en'),(4990,'gay',3,'en'),(4991,'builder',7,'en'),(4992,'columnist',9,'en'),(4993,'chase',5,'en'),(4994,'sock',4,'en'),(4995,'stack',5,'en'),(4996,'dramatically',12,'en'),(4997,'period',6,'en'),(4998,'tough',5,'en'),(4999,'emerge',6,'en'),(5000,'component',9,'en'),(5001,'industrial',10,'en'),(5002,'diminish',8,'en'),(5003,'else',4,'en'),(5004,'choose',6,'en'),(5005,'devote',6,'en'),(5006,'assist',6,'en'),(5007,'foreigner',9,'en'),(5008,'explicit',8,'en'),(5009,'appearance',10,'en'),(5010,'song',4,'en'),(5011,'engage',6,'en'),(5012,'specialize',10,'en'),(5013,'clay',4,'en'),(5014,'ruin',4,'en'),(5015,'pen',3,'en'),(5016,'compound',8,'en'),(5017,'wisdom',6,'en'),(5018,'designer',8,'en'),(5019,'lawyer',6,'en'),(5020,'look',4,'en'),(5021,'package',7,'en'),(5022,'pretend',7,'en'),(5023,'educational',11,'en'),(5024,'support',7,'en'),(5025,'strategy',8,'en'),(5026,'crowded',7,'en'),(5027,'rural',5,'en'),(5028,'reliable',8,'en'),(5029,'extension',9,'en'),(5030,'region',6,'en'),(5031,'salmon',6,'en'),(5032,'agreement',9,'en'),(5033,'fishing',7,'en'),(5034,'export',6,'en'),(5035,'specify',7,'en'),(5036,'trail',5,'en'),(5037,'seven',5,'en'),(5038,'transportation',14,'en'),(5039,'loss',4,'en'),(5040,'domestic',8,'en'),(5041,'Democrat',8,'en'),(5042,'mortality',9,'en'),(5043,'substantially',13,'en'),(5044,'ability',7,'en'),(5045,'speed',5,'en'),(5046,'headquarters',12,'en'),(5047,'bulb',4,'en'),(5048,'factory',7,'en'),(5049,'institution',11,'en'),(5050,'dismiss',7,'en'),(5051,'impressive',10,'en'),(5052,'spiritual',9,'en'),(5053,'spare',5,'en'),(5054,'romantic',8,'en'),(5055,'before',6,'en'),(5056,'pattern',7,'en'),(5057,'metal',5,'en'),(5058,'constitute',10,'en'),(5059,'inspector',9,'en'),(5060,'produce',7,'en'),(5061,'whenever',8,'en'),(5062,'scholar',7,'en'),(5063,'pepper',6,'en'),(5064,'disturbing',10,'en'),(5065,'singer',6,'en'),(5066,'basket',6,'en'),(5067,'border',6,'en'),(5068,'decision',8,'en'),(5069,'Indian',6,'en'),(5070,'devil',5,'en'),(5071,'newspaper',9,'en'),(5072,'music',5,'en'),(5073,'company',7,'en'),(5074,'depth',5,'en'),(5075,'pair',4,'en'),(5076,'bold',4,'en'),(5077,'guitar',6,'en'),(5078,'shock',5,'en'),(5079,'testimony',9,'en'),(5080,'enough',6,'en'),(5081,'starter',7,'en'),(5082,'space',5,'en'),(5083,'loyalty',7,'en'),(5084,'physically',10,'en'),(5085,'quality',7,'en'),(5086,'loud',4,'en'),(5087,'disagree',8,'en'),(5088,'weak',4,'en'),(5089,'experience',10,'en'),(5090,'square',6,'en'),(5091,'scandal',7,'en'),(5092,'milk',4,'en'),(5093,'brain',5,'en'),(5094,'take',4,'en'),(5095,'hurry',5,'en'),(5096,'cry',3,'en'),(5097,'sensitive',9,'en'),(5098,'abstract',8,'en'),(5099,'list',4,'en'),(5100,'lover',5,'en'),(5101,'strange',7,'en'),(5102,'province',8,'en'),(5103,'fight',5,'en'),(5104,'suburban',8,'en'),(5105,'tree',4,'en'),(5106,'consideration',13,'en'),(5107,'insect',6,'en'),(5108,'interfere',9,'en'),(5109,'acquisition',11,'en'),(5110,'positive',8,'en'),(5111,'regular',7,'en'),(5112,'behavioral',10,'en'),(5113,'chronic',7,'en'),(5114,'dream',5,'en'),(5115,'slightly',8,'en'),(5116,'utilize',7,'en'),(5117,'ignore',6,'en'),(5118,'contribute',10,'en'),(5119,'pole',4,'en'),(5120,'everyday',8,'en'),(5121,'curious',7,'en'),(5122,'drum',4,'en'),(5123,'profound',8,'en'),(5124,'clue',4,'en'),(5125,'wise',4,'en'),(5126,'reduce',6,'en'),(5127,'shell',5,'en'),(5128,'lucky',5,'en'),(5129,'bitter',6,'en'),(5130,'wheel',5,'en'),(5131,'settlement',10,'en'),(5132,'version',7,'en'),(5133,'moral',5,'en'),(5134,'sorry',5,'en'),(5135,'place',5,'en'),(5136,'between',7,'en'),(5137,'so-called',9,'en'),(5138,'which',5,'en'),(5139,'student',7,'en'),(5140,'o\'clock',7,'en'),(5141,'onto',4,'en'),(5142,'basic',5,'en'),(5143,'swim',4,'en'),(5144,'library',7,'en'),(5145,'individual',10,'en'),(5146,'drunk',5,'en'),(5147,'regardless',10,'en'),(5148,'workplace',9,'en'),(5149,'her',3,'en'),(5150,'blood',5,'en'),(5151,'philosophy',10,'en'),(5152,'or',2,'en'),(5153,'tear',4,'en'),(5154,'seemingly',9,'en'),(5155,'burden',6,'en'),(5156,'oak',3,'en'),(5157,'slave',5,'en'),(5158,'claim',5,'en'),(5159,'transport',9,'en'),(5160,'changing',8,'en'),(5161,'priest',6,'en'),(5162,'ski',3,'en'),(5163,'troop',5,'en'),(5164,'severe',6,'en'),(5165,'medal',5,'en'),(5166,'consistent',10,'en'),(5167,'gap',3,'en'),(5168,'behalf',6,'en'),(5169,'refugee',7,'en'),(5170,'subject',7,'en'),(5171,'qualify',7,'en'),(5172,'membership',10,'en'),(5173,'governor',8,'en'),(5174,'breast',6,'en'),(5175,'rack',4,'en'),(5176,'rare',4,'en'),(5177,'show',4,'en'),(5178,'brave',5,'en'),(5179,'wooden',6,'en'),(5180,'bench',5,'en'),(5181,'service',7,'en'),(5182,'suit',4,'en'),(5183,'bathroom',8,'en'),(5184,'fucking',7,'en'),(5185,'passenger',9,'en'),(5186,'command',7,'en'),(5187,'praise',6,'en'),(5188,'repeat',6,'en'),(5189,'law',3,'en'),(5190,'sun',3,'en'),(5191,'observation',11,'en'),(5192,'specialist',10,'en'),(5193,'popular',7,'en'),(5194,'exhibit',7,'en'),(5195,'syndrome',8,'en'),(5196,'closest',7,'en'),(5197,'craft',5,'en'),(5198,'opera',5,'en'),(5199,'what',4,'en'),(5200,'establish',9,'en'),(5201,'even',4,'en'),(5202,'twist',5,'en'),(5203,'spill',5,'en'),(5204,'bottom',6,'en'),(5205,'part',4,'en'),(5206,'commission',10,'en'),(5207,'innovation',10,'en'),(5208,'similarity',10,'en'),(5209,'rebuild',7,'en'),(5210,'situation',9,'en'),(5211,'hundred',7,'en'),(5212,'theology',8,'en'),(5213,'slope',5,'en'),(5214,'obligation',10,'en'),(5215,'cycle',5,'en'),(5216,'forgive',7,'en'),(5217,'mood',4,'en'),(5218,'couch',5,'en'),(5219,'mental',6,'en'),(5220,'mouth',5,'en'),(5221,'imply',5,'en'),(5222,'bond',4,'en'),(5223,'found',5,'en'),(5224,'free',4,'en'),(5225,'folk',4,'en'),(5226,'sustain',7,'en'),(5227,'correctly',9,'en'),(5228,'physics',7,'en'),(5229,'psychologist',12,'en'),(5230,'tight',5,'en'),(5231,'legacy',6,'en'),(5232,'ribbon',6,'en'),(5233,'long',4,'en'),(5234,'measurement',11,'en'),(5235,'paint',5,'en'),(5236,'pay',3,'en'),(5237,'stay',4,'en'),(5238,'thousand',8,'en'),(5239,'column',6,'en'),(5240,'its',3,'en'),(5241,'index',5,'en'),(5242,'feature',7,'en'),(5243,'poetry',6,'en'),(5244,'casualty',8,'en'),(5245,'count',5,'en'),(5246,'golf',4,'en'),(5247,'whether',7,'en'),(5248,'tend',4,'en'),(5249,'boring',6,'en'),(5250,'perspective',11,'en'),(5251,'piano',5,'en'),(5252,'fairly',6,'en'),(5253,'detailed',8,'en'),(5254,'carefully',9,'en'),(5255,'throat',6,'en'),(5256,'modern',6,'en'),(5257,'traffic',7,'en'),(5258,'unfortunately',13,'en'),(5259,'wine',4,'en'),(5260,'sponsor',7,'en'),(5261,'steel',5,'en'),(5262,'medicine',8,'en'),(5263,'cab',3,'en'),(5264,'owe',3,'en'),(5265,'farmer',6,'en'),(5266,'animal',6,'en'),(5267,'beach',5,'en'),(5268,'testify',7,'en'),(5269,'virtual',7,'en'),(5270,'across',6,'en'),(5271,'pack',4,'en'),(5272,'reservation',11,'en'),(5273,'very',4,'en'),(5274,'total',5,'en'),(5275,'anything',8,'en'),(5276,'arrest',6,'en'),(5277,'endorse',7,'en'),(5278,'no',2,'en'),(5279,'boil',4,'en'),(5280,'too',3,'en'),(5281,'image',5,'en'),(5282,'crop',4,'en'),(5283,'database',8,'en'),(5284,'drawer',6,'en'),(5285,'teach',5,'en'),(5286,'fleet',5,'en'),(5287,'hesitate',8,'en'),(5288,'offense',7,'en'),(5289,'crew',4,'en'),(5290,'learn',5,'en'),(5291,'somewhat',8,'en'),(5292,'such',4,'en'),(5293,'superior',8,'en'),(5294,'hotel',5,'en'),(5295,'statistical',11,'en'),(5296,'regarding',9,'en'),(5297,'assault',7,'en'),(5298,'drag',4,'en'),(5299,'next',4,'en'),(5300,'harm',4,'en'),(5301,'revolutionary',13,'en'),(5302,'bombing',7,'en'),(5303,'operating',9,'en'),(5304,'ocean',5,'en'),(5305,'crack',5,'en'),(5306,'satisfaction',12,'en'),(5307,'album',5,'en'),(5308,'beneath',7,'en'),(5309,'publicly',8,'en'),(5310,'adventure',9,'en'),(5311,'bishop',6,'en'),(5312,'double',6,'en'),(5313,'dry',3,'en'),(5314,'shallow',7,'en'),(5315,'national',8,'en'),(5316,'tail',4,'en'),(5317,'planet',6,'en'),(5318,'pain',4,'en'),(5319,'gaze',4,'en'),(5320,'proposed',8,'en'),(5321,'temperature',11,'en'),(5322,'give',4,'en'),(5323,'station',7,'en'),(5324,'only',4,'en'),(5325,'manager',7,'en'),(5326,'overwhelming',12,'en'),(5327,'account',7,'en'),(5328,'basically',9,'en'),(5329,'body',4,'en'),(5330,'sneak',5,'en'),(5331,'answer',6,'en'),(5332,'assemble',8,'en'),(5333,'panic',5,'en'),(5334,'Mr',2,'en'),(5335,'parking',7,'en'),(5336,'seem',4,'en'),(5337,'instructional',13,'en'),(5338,'change',6,'en'),(5339,'comprehensive',13,'en'),(5340,'valid',5,'en'),(5341,'finding',7,'en'),(5342,'volunteer',9,'en'),(5343,'lie',3,'en'),(5344,'AM',2,'en'),(5345,'barrel',6,'en'),(5346,'closed',6,'en'),(5347,'ghost',5,'en'),(5348,'wonder',6,'en'),(5349,'domain',6,'en'),(5350,'mentor',6,'en'),(5351,'each',4,'en'),(5352,'illustrate',10,'en'),(5353,'flesh',5,'en'),(5354,'pension',7,'en'),(5355,'unfair',6,'en'),(5356,'endure',6,'en'),(5357,'toy',3,'en'),(5358,'outdoor',7,'en'),(5359,'nasty',5,'en'),(5360,'population',10,'en'),(5361,'age',3,'en'),(5362,'beginning',9,'en'),(5363,'reduction',9,'en'),(5364,'per',3,'en'),(5365,'suspicion',9,'en'),(5366,'consciousness',13,'en'),(5367,'add',3,'en'),(5368,'glad',4,'en'),(5369,'develop',7,'en'),(5370,'homework',8,'en'),(5371,'tube',4,'en'),(5372,'meantime',8,'en'),(5373,'miss',4,'en'),(5374,'virtually',9,'en'),(5375,'projection',10,'en'),(5376,'stone',5,'en'),(5377,'disability',10,'en'),(5378,'come',4,'en'),(5379,'top',3,'en'),(5380,'weird',5,'en'),(5381,'provider',8,'en'),(5382,'mountain',8,'en'),(5383,'tournament',10,'en'),(5384,'mention',7,'en'),(5385,'galaxy',6,'en'),(5386,'United',6,'en'),(5387,'gang',4,'en'),(5388,'collect',7,'en'),(5389,'heart',5,'en'),(5390,'office',6,'en'),(5391,'resist',6,'en'),(5392,'according',9,'en'),(5393,'eleven',6,'en'),(5394,'construct',9,'en'),(5395,'side',4,'en'),(5396,'earth',5,'en'),(5397,'disclose',8,'en'),(5398,'rose',4,'en'),(5399,'preliminary',11,'en'),(5400,'coordinator',11,'en'),(5401,'stair',5,'en'),(5402,'yellow',6,'en'),(5403,'custody',7,'en'),(5404,'monument',8,'en'),(5405,'blame',5,'en'),(5406,'wet',3,'en'),(5407,'acknowledge',11,'en'),(5408,'thanks',6,'en'),(5409,'cooperate',9,'en'),(5410,'hay',3,'en'),(5411,'loyal',5,'en'),(5412,'theory',6,'en'),(5413,'work',4,'en'),(5414,'flavor',6,'en'),(5415,'utility',7,'en'),(5416,'point',5,'en'),(5417,'triumph',7,'en'),(5418,'juror',5,'en'),(5419,'supportive',10,'en'),(5420,'roll',4,'en'),(5421,'criticism',9,'en'),(5422,'meaning',7,'en'),(5423,'jaw',3,'en'),(5424,'lawn',4,'en'),(5425,'engagement',10,'en'),(5426,'shopping',8,'en'),(5427,'sexuality',9,'en'),(5428,'have',4,'en'),(5429,'excessive',9,'en'),(5430,'explode',7,'en'),(5431,'teenager',8,'en'),(5432,'device',6,'en'),(5433,'soak',4,'en'),(5434,'eliminate',9,'en'),(5435,'sunny',5,'en'),(5436,'lately',6,'en'),(5437,'jury',4,'en'),(5438,'scenario',8,'en'),(5439,'headline',8,'en'),(5440,'transmission',12,'en'),(5441,'pride',5,'en'),(5442,'writing',7,'en'),(5443,'immigration',11,'en'),(5444,'honor',5,'en'),(5445,'wear',4,'en'),(5446,'suddenly',8,'en'),(5447,'welfare',7,'en'),(5448,'pin',3,'en'),(5449,'African-American',16,'en'),(5450,'pig',3,'en'),(5451,'doctrine',8,'en'),(5452,'lack',4,'en'),(5453,'prize',5,'en'),(5454,'art',3,'en'),(5455,'exclude',7,'en'),(5456,'mate',4,'en'),(5457,'amazing',7,'en'),(5458,'translation',11,'en'),(5459,'integrity',9,'en'),(5460,'wipe',4,'en'),(5461,'among',5,'en'),(5462,'cheer',5,'en'),(5463,'slowly',6,'en'),(5464,'cloud',5,'en'),(5465,'classroom',9,'en'),(5466,'drama',5,'en'),(5467,'distinct',8,'en'),(5468,'shout',5,'en'),(5469,'purpose',7,'en'),(5470,'terrain',7,'en'),(5471,'equal',5,'en'),(5472,'pickup',6,'en'),(5473,'do',2,'en'),(5474,'heel',4,'en'),(5475,'hormone',7,'en'),(5476,'ceremony',8,'en'),(5477,'type',4,'en'),(5478,'due',3,'en'),(5479,'bet',3,'en'),(5480,'bid',3,'en'),(5481,'layer',5,'en'),(5482,'property',8,'en'),(5483,'update',6,'en'),(5484,'revelation',10,'en'),(5485,'approve',7,'en'),(5486,'scatter',7,'en'),(5487,'encourage',9,'en'),(5488,'breakfast',9,'en'),(5489,'expertise',9,'en'),(5490,'install',7,'en'),(5491,'smoke',5,'en'),(5492,'price',5,'en'),(5493,'compensation',12,'en'),(5494,'smooth',6,'en'),(5495,'definition',10,'en'),(5496,'shed',4,'en'),(5497,'reward',6,'en'),(5498,'none',4,'en'),(5499,'troubled',8,'en'),(5500,'public',6,'en'),(5501,'tonight',7,'en'),(5502,'sensitivity',11,'en'),(5503,'analyze',7,'en'),(5504,'then',4,'en'),(5505,'quite',5,'en'),(5506,'trash',5,'en'),(5507,'constantly',10,'en'),(5508,'undergo',7,'en'),(5509,'culture',7,'en'),(5510,'call',4,'en'),(5511,'campaign',8,'en'),(5512,'e-mail',6,'en'),(5513,'circumstance',12,'en'),(5514,'along',5,'en'),(5515,'mistake',7,'en'),(5516,'recent',6,'en'),(5517,'pot',3,'en'),(5518,'bride',5,'en'),(5519,'riot',4,'en'),(5520,'amount',6,'en'),(5521,'cemetery',8,'en'),(5522,'era',3,'en'),(5523,'maintenance',11,'en'),(5524,'ring',4,'en'),(5525,'community',9,'en'),(5526,'print',5,'en'),(5527,'country',7,'en'),(5528,'distance',8,'en'),(5529,'a',1,'en'),(5530,'right',5,'en'),(5531,'stupid',6,'en'),(5532,'chicken',7,'en'),(5533,'faculty',7,'en'),(5534,'comprise',8,'en'),(5535,'conscious',9,'en'),(5536,'wild',4,'en'),(5537,'string',6,'en'),(5538,'blast',5,'en'),(5539,'reason',6,'en'),(5540,'again',5,'en'),(5541,'airplane',8,'en'),(5542,'oil',3,'en'),(5543,'catch',5,'en'),(5544,'fail',4,'en'),(5545,'creation',8,'en'),(5546,'predator',8,'en'),(5547,'introduction',12,'en'),(5548,'justify',7,'en'),(5549,'protest',7,'en'),(5550,'assert',6,'en'),(5551,'artificial',10,'en'),(5552,'leader',6,'en'),(5553,'appropriate',11,'en'),(5554,'porch',5,'en'),(5555,'net',3,'en'),(5556,'star',4,'en'),(5557,'pan',3,'en'),(5558,'career',6,'en'),(5559,'lift',4,'en'),(5560,'coach',5,'en'),(5561,'penalty',7,'en'),(5562,'candle',6,'en'),(5563,'legal',5,'en'),(5564,'judgment',8,'en'),(5565,'prisoner',8,'en'),(5566,'rental',6,'en'),(5567,'psychology',10,'en'),(5568,'threaten',8,'en'),(5569,'chart',5,'en'),(5570,'tennis',6,'en'),(5571,'soup',4,'en'),(5572,'swimming',8,'en'),(5573,'architecture',12,'en'),(5574,'victim',6,'en'),(5575,'welcome',7,'en'),(5576,'added',5,'en'),(5577,'he',2,'en'),(5578,'bacteria',8,'en'),(5579,'exhaust',7,'en'),(5580,'spray',5,'en'),(5581,'drive',5,'en'),(5582,'re',2,'en'),(5583,'Hispanic',8,'en'),(5584,'intimate',8,'en'),(5585,'violation',9,'en'),(5586,'portion',7,'en'),(5587,'cultural',8,'en'),(5588,'league',6,'en'),(5589,'marriage',8,'en'),(5590,'shine',5,'en'),(5591,'single',6,'en'),(5592,'participant',11,'en'),(5593,'cargo',5,'en'),(5594,'therapy',7,'en'),(5595,'jurisdiction',12,'en'),(5596,'lead',4,'en'),(5597,'consequently',12,'en'),(5598,'original',8,'en'),(5599,'date',4,'en'),(5600,'day',3,'en'),(5601,'build',5,'en'),(5602,'denial',6,'en'),(5603,'please',6,'en'),(5604,'dinner',6,'en'),(5605,'meal',4,'en'),(5606,'whisper',7,'en'),(5607,'exception',9,'en'),(5608,'any',3,'en'),(5609,'urban',5,'en'),(5610,'target',6,'en'),(5611,'run',3,'en'),(5612,'contend',7,'en'),(5613,'explosion',9,'en'),(5614,'onion',5,'en'),(5615,'lung',4,'en'),(5616,'annually',8,'en'),(5617,'survivor',8,'en'),(5618,'emerging',8,'en'),(5619,'excuse',6,'en'),(5620,'instance',8,'en'),(5621,'response',8,'en'),(5622,'convict',7,'en'),(5623,'mean',4,'en'),(5624,'favorable',9,'en'),(5625,'fifteen',7,'en'),(5626,'sympathy',8,'en'),(5627,'fixed',5,'en'),(5628,'instantly',9,'en'),(5629,'knee',4,'en'),(5630,'degree',6,'en'),(5631,'front',5,'en'),(5632,'biography',9,'en'),(5633,'partially',9,'en'),(5634,'beauty',6,'en'),(5635,'pond',4,'en'),(5636,'bedroom',7,'en'),(5637,'slavery',7,'en'),(5638,'sodium',6,'en'),(5639,'ecosystem',9,'en'),(5640,'together',8,'en'),(5641,'effort',6,'en'),(5642,'expense',7,'en'),(5643,'casual',6,'en'),(5644,'emergency',9,'en'),(5645,'novel',5,'en'),(5646,'two',3,'en'),(5647,'festival',8,'en'),(5648,'extraordinary',13,'en'),(5649,'fine',4,'en'),(5650,'tradition',9,'en'),(5651,'musician',8,'en'),(5652,'prevent',7,'en'),(5653,'hungry',6,'en'),(5654,'external',8,'en'),(5655,'contrast',8,'en'),(5656,'while',5,'en'),(5657,'knife',5,'en'),(5658,'companion',9,'en'),(5659,'impress',7,'en'),(5660,'tongue',6,'en'),(5661,'seat',4,'en'),(5662,'meanwhile',9,'en'),(5663,'brother',7,'en'),(5664,'administration',14,'en'),(5665,'bug',3,'en'),(5666,'labor',5,'en'),(5667,'currency',8,'en'),(5668,'argue',5,'en'),(5669,'Mrs',3,'en'),(5670,'though',6,'en'),(5671,'chip',4,'en'),(5672,'process',7,'en'),(5673,'our',3,'en'),(5674,'discover',8,'en'),(5675,'contemplate',11,'en'),(5676,'portray',7,'en'),(5677,'complex',7,'en'),(5678,'deep',4,'en'),(5679,'flash',5,'en'),(5680,'bucket',6,'en'),(5681,'risk',4,'en'),(5682,'sweet',5,'en'),(5683,'reverse',7,'en'),(5684,'cart',4,'en'),(5685,'viewer',6,'en'),(5686,'standing',8,'en'),(5687,'flood',5,'en'),(5688,'other',5,'en'),(5689,'economically',12,'en'),(5690,'armed',5,'en'),(5691,'shove',5,'en'),(5692,'far',3,'en'),(5693,'buy',3,'en'),(5694,'trauma',6,'en'),(5695,'consult',7,'en'),(5696,'candy',5,'en'),(5697,'should',6,'en'),(5698,'many',4,'en'),(5699,'specific',8,'en'),(5700,'frozen',6,'en'),(5701,'safe',4,'en'),(5702,'instant',7,'en'),(5703,'rice',4,'en'),(5704,'donation',8,'en'),(5705,'love',4,'en'),(5706,'construction',12,'en'),(5707,'choice',6,'en'),(5708,'finish',6,'en'),(5709,'stranger',8,'en'),(5710,'competitor',10,'en'),(5711,'verbal',6,'en'),(5712,'entertainment',13,'en'),(5713,'toilet',6,'en'),(5714,'Chinese',7,'en'),(5715,'rifle',5,'en'),(5716,'committee',9,'en'),(5717,'punishment',10,'en'),(5718,'objection',9,'en'),(5719,'unity',5,'en'),(5720,'knock',5,'en'),(5721,'conclusion',10,'en'),(5722,'bat',3,'en'),(5723,'ruling',6,'en'),(5724,'commercial',10,'en'),(5725,'visit',5,'en'),(5726,'fog',3,'en'),(5727,'sad',3,'en'),(5728,'rear',4,'en'),(5729,'entrance',8,'en'),(5730,'enact',5,'en'),(5731,'grant',5,'en'),(5732,'fare',4,'en'),(5733,'distribute',10,'en'),(5734,'online',6,'en'),(5735,'integrate',9,'en'),(5736,'inner',5,'en'),(5737,'contributor',11,'en'),(5738,'cottage',7,'en'),(5739,'firmly',6,'en'),(5740,'fix',3,'en'),(5741,'coverage',8,'en'),(5742,'stability',9,'en'),(5743,'cure',4,'en'),(5744,'base',4,'en'),(5745,'not',3,'en'),(5746,'racial',6,'en'),(5747,'warehouse',9,'en'),(5748,'pure',4,'en'),(5749,'promote',7,'en'),(5750,'separate',8,'en'),(5751,'dad',3,'en'),(5752,'rapid',5,'en'),(5753,'twice',5,'en'),(5754,'oven',4,'en'),(5755,'new',3,'en'),(5756,'poverty',7,'en'),(5757,'status',6,'en'),(5758,'anybody',7,'en'),(5759,'arrive',6,'en'),(5760,'depression',10,'en'),(5761,'special',7,'en'),(5762,'passion',7,'en'),(5763,'combination',11,'en'),(5764,'commissioner',12,'en'),(5765,'twin',4,'en'),(5766,'debate',6,'en'),(5767,'leather',7,'en'),(5768,'decent',6,'en'),(5769,'system',6,'en'),(5770,'lip',3,'en'),(5771,'yell',4,'en'),(5772,'clip',4,'en'),(5773,'halfway',7,'en'),(5774,'widespread',10,'en'),(5775,'coming',6,'en'),(5776,'end',3,'en'),(5777,'cow',3,'en'),(5778,'wind',4,'en'),(5779,'up',2,'en'),(5780,'installation',12,'en'),(5781,'youngster',9,'en'),(5782,'emission',8,'en'),(5783,'accident',8,'en'),(5784,'electricity',11,'en'),(5785,'pick',4,'en'),(5786,'juice',5,'en'),(5787,'elaborate',9,'en'),(5788,'existence',9,'en'),(5789,'strict',6,'en'),(5790,'flour',5,'en'),(5791,'secondary',9,'en'),(5792,'educate',7,'en'),(5793,'easily',6,'en'),(5794,'carpet',6,'en'),(5795,'person',6,'en'),(5796,'implement',9,'en'),(5797,'almost',6,'en'),(5798,'Bible',5,'en'),(5799,'suspend',7,'en'),(5800,'dust',4,'en'),(5801,'however',7,'en'),(5802,'of',2,'en'),(5803,'greet',5,'en'),(5804,'treasure',8,'en'),(5805,'dot',3,'en'),(5806,'bread',5,'en'),(5807,'CEO',3,'en'),(5808,'actress',7,'en'),(5809,'draw',4,'en'),(5810,'champion',8,'en'),(5811,'estimate',8,'en'),(5812,'reputation',10,'en'),(5813,'acceptance',10,'en'),(5814,'civilization',12,'en'),(5815,'usual',5,'en'),(5816,'demonstrate',11,'en'),(5817,'officer',7,'en'),(5818,'invent',6,'en'),(5819,'ideological',11,'en'),(5820,'kid',3,'en'),(5821,'nowhere',7,'en'),(5822,'painter',7,'en'),(5823,'decrease',8,'en'),(5824,'consumer',8,'en'),(5825,'unemployment',12,'en'),(5826,'simply',6,'en'),(5827,'nutrient',8,'en'),(5828,'angry',5,'en'),(5829,'provoke',7,'en'),(5830,'building',8,'en'),(5831,'butter',6,'en'),(5832,'question',8,'en'),(5833,'expectation',11,'en'),(5834,'coffee',6,'en'),(5835,'sacred',6,'en'),(5836,'so',2,'en'),(5837,'kingdom',7,'en'),(5838,'sort',4,'en'),(5839,'tightly',7,'en'),(5840,'road',4,'en'),(5841,'middle',6,'en'),(5842,'gas',3,'en'),(5843,'handful',7,'en'),(5844,'interview',9,'en'),(5845,'intellectual',12,'en'),(5846,'duty',4,'en'),(5847,'journey',7,'en'),(5848,'sight',5,'en'),(5849,'grip',4,'en'),(5850,'adequate',8,'en'),(5851,'vs',2,'en'),(5852,'giant',5,'en'),(5853,'regret',6,'en'),(5854,'ethnic',6,'en'),(5855,'step',4,'en'),(5856,'brush',5,'en'),(5857,'clinic',6,'en'),(5858,'entry',5,'en'),(5859,'belong',6,'en'),(5860,'spine',5,'en'),(5861,'theme',5,'en'),(5862,'thirty',6,'en'),(5863,'leap',4,'en'),(5864,'medication',10,'en'),(5865,'blond',5,'en'),(5866,'magnetic',8,'en'),(5867,'scratch',7,'en'),(5868,'furniture',9,'en'),(5869,'wait',4,'en'),(5870,'wash',4,'en'),(5871,'missing',7,'en'),(5872,'aspect',6,'en'),(5873,'attribute',9,'en'),(5874,'sin',3,'en'),(5875,'soul',4,'en'),(5876,'male',4,'en'),(5877,'nationwide',10,'en'),(5878,'criteria',8,'en'),(5879,'chin',4,'en'),(5880,'remark',6,'en'),(5881,'agree',5,'en'),(5882,'brake',5,'en'),(5883,'accusation',10,'en'),(5884,'girl',4,'en'),(5885,'payment',7,'en'),(5886,'allegation',10,'en'),(5887,'reflect',7,'en'),(5888,'rhetoric',8,'en'),(5889,'row',3,'en'),(5890,'season',6,'en'),(5891,'elect',5,'en'),(5892,'argument',8,'en'),(5893,'accent',6,'en'),(5894,'there',5,'en'),(5895,'data',4,'en'),(5896,'scheme',6,'en'),(5897,'abroad',6,'en'),(5898,'missionary',10,'en'),(5899,'continue',8,'en'),(5900,'actually',8,'en'),(5901,'mask',4,'en'),(5902,'cling',5,'en'),(5903,'entire',6,'en'),(5904,'exit',4,'en'),(5905,'charge',6,'en'),(5906,'coat',4,'en'),(5907,'combat',6,'en'),(5908,'confirm',7,'en'),(5909,'honey',5,'en'),(5910,'instinct',8,'en'),(5911,'compelling',10,'en'),(5912,'old',3,'en'),(5913,'suburb',6,'en'),(5914,'disorder',8,'en'),(5915,'transform',9,'en'),(5916,'buddy',5,'en'),(5917,'figure',6,'en'),(5918,'trigger',7,'en'),(5919,'root',4,'en'),(5920,'conclude',8,'en'),(5921,'trick',5,'en'),(5922,'household',9,'en'),(5923,'properly',8,'en'),(5924,'understand',10,'en'),(5925,'evident',7,'en'),(5926,'walking',7,'en'),(5927,'removal',7,'en'),(5928,'sound',5,'en'),(5929,'cause',5,'en'),(5930,'fear',4,'en'),(5931,'tie',3,'en'),(5932,'unique',6,'en'),(5933,'people',6,'en'),(5934,'computer',8,'en'),(5935,'vary',4,'en'),(5936,'event',5,'en'),(5937,'throughout',10,'en'),(5938,'year',4,'en'),(5939,'refuse',6,'en'),(5940,'concert',7,'en'),(5941,'sport',5,'en'),(5942,'reserve',7,'en'),(5943,'engineering',11,'en'),(5944,'particularly',12,'en'),(5945,'focus',5,'en'),(5946,'sake',4,'en'),(5947,'chaos',5,'en'),(5948,'elbow',5,'en'),(5949,'mild',4,'en'),(5950,'consent',7,'en'),(5951,'bend',4,'en'),(5952,'rail',4,'en'),(5953,'north',5,'en'),(5954,'east',4,'en'),(5955,'course',6,'en'),(5956,'laser',5,'en'),(5957,'resident',8,'en'),(5958,'invasion',8,'en'),(5959,'civic',5,'en'),(5960,'sufficient',10,'en'),(5961,'romance',7,'en'),(5962,'complaint',9,'en'),(5963,'profession',10,'en'),(5964,'salad',5,'en'),(5965,'surprised',9,'en'),(5966,'request',7,'en'),(5967,'random',6,'en'),(5968,'destroy',7,'en'),(5969,'assume',6,'en'),(5970,'intend',6,'en'),(5971,'intensity',9,'en'),(5972,'tell',4,'en'),(5973,'thumb',5,'en'),(5974,'division',8,'en'),(5975,'gift',4,'en'),(5976,'legally',7,'en'),(5977,'nation',6,'en'),(5978,'incredibly',10,'en'),(5979,'vast',4,'en'),(5980,'logical',7,'en'),(5981,'sugar',5,'en'),(5982,'plain',5,'en'),(5983,'AIDS',4,'en'),(5984,'premise',7,'en'),(5985,'butt',4,'en'),(5986,'faint',5,'en'),(5987,'barely',6,'en'),(5988,'hearing',7,'en'),(5989,'defensive',9,'en'),(5990,'structural',10,'en'),(5991,'pass',4,'en'),(5992,'assistance',10,'en'),(5993,'cream',5,'en'),(5994,'rumor',5,'en'),(5995,'exist',5,'en'),(5996,'to',2,'en'),(5997,'commitment',10,'en'),(5998,'stake',5,'en'),(5999,'dam',3,'en'),(6000,'discussion',10,'en'),(6001,'diamond',7,'en'),(6002,'alien',5,'en'),(6003,'fruit',5,'en'),(6004,'brand',5,'en'),(6005,'bull',4,'en'),(6006,'permit',6,'en'),(6007,'developmental',13,'en'),(6008,'density',7,'en'),(6009,'brutal',6,'en'),(6010,'elderly',7,'en'),(6011,'pro',3,'en'),(6012,'margin',6,'en'),(6013,'carbohydrate',12,'en'),(6014,'convenience',11,'en'),(6015,'Japanese',8,'en'),(6016,'escape',6,'en'),(6017,'loop',4,'en'),(6018,'local',5,'en'),(6019,'location',8,'en'),(6020,'series',6,'en'),(6021,'composition',11,'en'),(6022,'forty',5,'en'),(6023,'ugly',4,'en'),(6024,'capability',10,'en'),(6025,'scare',5,'en'),(6026,'conviction',10,'en'),(6027,'yes',3,'en'),(6028,'meaningful',10,'en'),(6029,'historically',12,'en'),(6030,'earn',4,'en'),(6031,'researcher',10,'en'),(6032,'scene',5,'en'),(6033,'steep',5,'en'),(6034,'winter',6,'en'),(6035,'grandmother',11,'en'),(6036,'departure',9,'en'),(6037,'son',3,'en'),(6038,'close',5,'en'),(6039,'distinctive',11,'en'),(6040,'after',5,'en'),(6041,'silk',4,'en'),(6042,'effectiveness',13,'en'),(6043,'worry',5,'en'),(6044,'for',3,'en'),(6045,'leave',5,'en'),(6046,'somebody',8,'en'),(6047,'these',5,'en'),(6048,'tomato',6,'en'),(6049,'organization',12,'en'),(6050,'apple',5,'en'),(6051,'page',4,'en'),(6052,'same',4,'en'),(6053,'mechanism',9,'en'),(6054,'dominate',8,'en'),(6055,'thought',7,'en'),(6056,'hint',4,'en'),(6057,'television',10,'en'),(6058,'fatal',5,'en'),(6059,'today',5,'en'),(6060,'undergraduate',13,'en'),(6061,'highlight',9,'en'),(6062,'option',6,'en'),(6063,'wing',4,'en'),(6064,'method',6,'en'),(6065,'retailer',8,'en'),(6066,'seminar',7,'en'),(6067,'evidence',8,'en'),(6068,'perfect',7,'en'),(6069,'vitamin',7,'en'),(6070,'wrist',5,'en'),(6071,'originally',10,'en'),(6072,'anonymous',9,'en'),(6073,'cup',3,'en'),(6074,'apply',5,'en'),(6075,'flying',6,'en'),(6076,'convey',6,'en'),(6077,'orbit',5,'en'),(6078,'economic',8,'en'),(6079,'demand',6,'en'),(6080,'candidate',9,'en'),(6081,'citizenship',11,'en'),(6082,'monster',7,'en'),(6083,'German',6,'en'),(6084,'conversion',10,'en'),(6085,'output',6,'en'),(6086,'money',5,'en'),(6087,'quote',5,'en'),(6088,'subsidy',7,'en'),(6089,'rather',6,'en'),(6090,'ordinary',8,'en'),(6091,'import',6,'en'),(6092,'village',7,'en'),(6093,'patient',7,'en'),(6094,'radar',5,'en'),(6095,'comfortable',11,'en'),(6096,'drain',5,'en'),(6097,'famous',6,'en'),(6098,'adult',5,'en'),(6099,'atop',4,'en'),(6100,'boost',5,'en'),(6101,'imagination',11,'en'),(6102,'dealer',6,'en'),(6103,'party',5,'en'),(6104,'logic',5,'en'),(6105,'separation',10,'en'),(6106,'over',4,'en'),(6107,'happen',6,'en'),(6108,'creature',8,'en'),(6109,'businessman',11,'en'),(6110,'pink',4,'en'),(6111,'delay',5,'en'),(6112,'percentage',10,'en'),(6113,'accelerate',10,'en'),(6114,'half',4,'en'),(6115,'extremely',9,'en'),(6116,'sky',3,'en'),(6117,'contract',8,'en'),(6118,'best',4,'en'),(6119,'differently',11,'en'),(6120,'drown',5,'en'),(6121,'significance',12,'en'),(6122,'opening',7,'en'),(6123,'weight',6,'en'),(6124,'join',4,'en'),(6125,'doctor',6,'en'),(6126,'them',4,'en'),(6127,'dish',4,'en'),(6128,'neutral',7,'en'),(6129,'practice',8,'en'),(6130,'greatly',7,'en'),(6131,'equivalent',10,'en'),(6132,'PM',2,'en'),(6133,'merchant',8,'en'),(6134,'rest',4,'en'),(6135,'slide',5,'en'),(6136,'legislative',11,'en'),(6137,'hire',4,'en'),(6138,'settle',6,'en'),(6139,'Korean',6,'en'),(6140,'diverse',7,'en'),(6141,'admission',9,'en'),(6142,'strip',5,'en'),(6143,'celebrity',9,'en'),(6144,'mark',4,'en'),(6145,'breeze',6,'en'),(6146,'deserve',7,'en'),(6147,'herself',7,'en'),(6148,'fierce',6,'en'),(6149,'react',5,'en'),(6150,'excited',7,'en'),(6151,'industry',8,'en'),(6152,'orientation',11,'en'),(6153,'implementation',14,'en'),(6154,'compare',7,'en'),(6155,'detective',9,'en'),(6156,'Republican',10,'en'),(6157,'beam',4,'en'),(6158,'volume',6,'en'),(6159,'friendship',10,'en'),(6160,'exactly',7,'en'),(6161,'generate',8,'en'),(6162,'aluminum',8,'en'),(6163,'network',7,'en'),(6164,'sack',4,'en'),(6165,'massive',7,'en'),(6166,'burning',7,'en'),(6167,'glance',6,'en'),(6168,'documentary',11,'en'),(6169,'publish',7,'en'),(6170,'legend',6,'en'),(6171,'justice',7,'en'),(6172,'significantly',13,'en'),(6173,'blade',5,'en'),(6174,'grave',5,'en'),(6175,'multiple',8,'en'),(6176,'detect',6,'en'),(6177,'social',6,'en'),(6178,'float',5,'en'),(6179,'cave',4,'en'),(6180,'enormous',8,'en'),(6181,'serve',5,'en'),(6182,'difficulty',10,'en'),(6183,'auction',7,'en'),(6184,'parade',6,'en'),(6185,'controversy',11,'en'),(6186,'orange',6,'en'),(6187,'T-shirt',7,'en'),(6188,'doll',4,'en'),(6189,'safely',6,'en'),(6190,'racism',6,'en'),(6191,'alliance',8,'en'),(6192,'loose',5,'en'),(6193,'slam',4,'en'),(6194,'husband',7,'en'),(6195,'pool',4,'en'),(6196,'ball',4,'en'),(6197,'tendency',8,'en'),(6198,'require',7,'en'),(6199,'disabled',8,'en'),(6200,'nobody',6,'en'),(6201,'extend',6,'en'),(6202,'why',3,'en'),(6203,'tale',4,'en'),(6204,'testing',7,'en'),(6205,'discourage',10,'en'),(6206,'Canadian',8,'en'),(6207,'ease',4,'en'),(6208,'shortly',7,'en'),(6209,'global',6,'en'),(6210,'revenue',7,'en'),(6211,'ancestor',8,'en'),(6212,'sleep',5,'en'),(6213,'corner',6,'en'),(6214,'nurse',5,'en'),(6215,'court',5,'en'),(6216,'involvement',11,'en'),(6217,'write',5,'en'),(6218,'raise',5,'en'),(6219,'vacation',8,'en'),(6220,'prevention',10,'en'),(6221,'shall',5,'en'),(6222,'TV',2,'en'),(6223,'leaf',4,'en'),(6224,'range',5,'en'),(6225,'quest',5,'en'),(6226,'availability',12,'en'),(6227,'fast',4,'en'),(6228,'icon',4,'en'),(6229,'especially',10,'en'),(6230,'administrative',14,'en'),(6231,'integrated',10,'en'),(6232,'agricultural',12,'en'),(6233,'touchdown',9,'en'),(6234,'weekly',6,'en'),(6235,'faith',5,'en'),(6236,'county',6,'en'),(6237,'sale',4,'en'),(6238,'approval',8,'en'),(6239,'forum',5,'en'),(6240,'foreign',7,'en'),(6241,'persist',7,'en'),(6242,'wow',3,'en'),(6243,'care',4,'en'),(6244,'sink',4,'en'),(6245,'declare',7,'en'),(6246,'importance',10,'en'),(6247,'preserve',8,'en'),(6248,'document',8,'en'),(6249,'invite',6,'en'),(6250,'crazy',5,'en'),(6251,'reception',9,'en'),(6252,'dock',4,'en'),(6253,'rub',3,'en'),(6254,'few',3,'en'),(6255,'limb',4,'en'),(6256,'exciting',8,'en'),(6257,'structure',9,'en'),(6258,'ok',2,'en'),(6259,'guide',5,'en'),(6260,'calculation',11,'en'),(6261,'popularity',10,'en'),(6262,'hunter',6,'en'),(6263,'barrier',7,'en'),(6264,'interest',8,'en'),(6265,'carrot',6,'en'),(6266,'beard',5,'en'),(6267,'union',5,'en'),(6268,'pilot',5,'en'),(6269,'teacher',7,'en'),(6270,'funding',7,'en'),(6271,'connect',7,'en'),(6272,'pitch',5,'en'),(6273,'stage',5,'en'),(6274,'advice',6,'en'),(6275,'reader',6,'en'),(6276,'cooking',7,'en'),(6277,'assign',6,'en'),(6278,'hill',4,'en'),(6279,'purse',5,'en'),(6280,'application',11,'en'),(6281,'firm',4,'en'),(6282,'married',7,'en'),(6283,'liver',5,'en'),(6284,'observer',8,'en'),(6285,'negative',8,'en'),(6286,'classic',7,'en'),(6287,'political',9,'en'),(6288,'chief',5,'en'),(6289,'administrator',13,'en'),(6290,'spoon',5,'en'),(6291,'runner',6,'en'),(6292,'boom',4,'en'),(6293,'product',7,'en'),(6294,'way',3,'en'),(6295,'relief',6,'en'),(6296,'elevator',8,'en'),(6297,'cite',4,'en'),(6298,'concentration',13,'en'),(6299,'facility',8,'en'),(6300,'priority',8,'en'),(6301,'tank',4,'en'),(6302,'moreover',8,'en'),(6303,'rim',3,'en'),(6304,'PC',2,'en'),(6305,'soft',4,'en'),(6306,'blend',5,'en'),(6307,'category',8,'en'),(6308,'publicity',9,'en'),(6309,'drift',5,'en'),(6310,'entrepreneur',12,'en'),(6311,'record',6,'en'),(6312,'faster',6,'en'),(6313,'note',4,'en'),(6314,'blue',4,'en'),(6315,'on',2,'en'),(6316,'his',3,'en'),(6317,'profile',7,'en'),(6318,'ten',3,'en'),(6319,'breathe',7,'en'),(6320,'heal',4,'en'),(6321,'hers',4,'en'),(6322,'sexually',8,'en'),(6323,'author',6,'en'),(6324,'basement',8,'en'),(6325,'characterize',12,'en'),(6326,'shortage',8,'en'),(6327,'permanent',9,'en'),(6328,'resource',8,'en'),(6329,'monitor',7,'en'),(6330,'uncertainty',11,'en'),(6331,'yard',4,'en'),(6332,'reluctant',9,'en'),(6333,'hat',3,'en'),(6334,'absolutely',10,'en'),(6335,'alone',5,'en'),(6336,'fade',4,'en'),(6337,'pizza',5,'en'),(6338,'trust',5,'en'),(6339,'spread',6,'en'),(6340,'Ms',2,'en'),(6341,'stance',6,'en'),(6342,'filter',6,'en'),(6343,'first',5,'en'),(6344,'scary',5,'en'),(6345,'execution',9,'en'),(6346,'taxpayer',8,'en'),(6347,'health',6,'en'),(6348,'hi',2,'en'),(6349,'indicate',8,'en'),(6350,'when',4,'en'),(6351,'function',8,'en'),(6352,'till',4,'en'),(6353,'letter',6,'en'),(6354,'sometimes',9,'en'),(6355,'increasingly',12,'en'),(6356,'hallway',7,'en'),(6357,'corporation',11,'en'),(6358,'donate',6,'en'),(6359,'someday',7,'en'),(6360,'depend',6,'en'),(6361,'web',3,'en'),(6362,'functional',10,'en'),(6363,'radio',5,'en'),(6364,'surveillance',12,'en'),(6365,'psychological',13,'en'),(6366,'decline',7,'en'),(6367,'automatically',13,'en'),(6368,'book',4,'en'),(6369,'by',2,'en'),(6370,'limitation',10,'en'),(6371,'guilty',6,'en'),(6372,'twenty',6,'en'),(6373,'want',4,'en'),(6374,'legislature',11,'en'),(6375,'floor',5,'en'),(6376,'harmony',7,'en'),(6377,'tourism',7,'en'),(6378,'vegetable',9,'en'),(6379,'extra',5,'en'),(6380,'tire',4,'en'),(6381,'occupy',6,'en'),(6382,'authorize',9,'en'),(6383,'traditional',11,'en'),(6384,'suitable',8,'en'),(6385,'impossible',10,'en'),(6386,'immediately',11,'en'),(6387,'refer',5,'en'),(6388,'respect',7,'en'),(6389,'convinced',9,'en'),(6390,'permission',10,'en'),(6391,'kill',4,'en'),(6392,'spirit',6,'en'),(6393,'collector',9,'en'),(6394,'solution',8,'en'),(6395,'ourselves',9,'en'),(6396,'performance',11,'en'),(6397,'fellow',6,'en'),(6398,'precise',7,'en'),(6399,'us',2,'en'),(6400,'variety',7,'en'),(6401,'ladder',6,'en'),(6402,'distract',8,'en'),(6403,'relation',8,'en'),(6404,'productivity',12,'en'),(6405,'blessing',8,'en'),(6406,'crawl',5,'en'),(6407,'edge',4,'en'),(6408,'republic',8,'en'),(6409,'become',6,'en'),(6410,'time',4,'en'),(6411,'motivate',8,'en'),(6412,'bonus',5,'en'),(6413,'about',5,'en'),(6414,'enhance',7,'en'),(6415,'divorce',7,'en'),(6416,'master',6,'en'),(6417,'flower',6,'en'),(6418,'exceed',6,'en'),(6419,'taste',5,'en'),(6420,'charter',7,'en'),(6421,'post',4,'en'),(6422,'nice',4,'en'),(6423,'consensus',9,'en'),(6424,'kind',4,'en'),(6425,'frown',5,'en'),(6426,'raw',3,'en'),(6427,'rape',4,'en'),(6428,'homeland',8,'en'),(6429,'without',7,'en'),(6430,'setting',7,'en'),(6431,'shy',3,'en'),(6432,'conspiracy',10,'en'),(6433,'frequent',8,'en'),(6434,'backyard',8,'en'),(6435,'outcome',7,'en'),(6436,'great',5,'en'),(6437,'guidance',8,'en'),(6438,'snow',4,'en'),(6439,'concentrate',11,'en'),(6440,'counsel',7,'en'),(6441,'interaction',11,'en'),(6442,'launch',6,'en'),(6443,'endless',7,'en'),(6444,'reform',6,'en'),(6445,'study',5,'en'),(6446,'Islam',5,'en'),(6447,'movement',8,'en'),(6448,'handle',6,'en'),(6449,'vulnerable',10,'en'),(6450,'town',4,'en'),(6451,'innocent',8,'en'),(6452,'jail',4,'en'),(6453,'extreme',7,'en'),(6454,'shit',4,'en'),(6455,'normally',8,'en'),(6456,'balance',7,'en'),(6457,'replace',7,'en'),(6458,'teaching',8,'en'),(6459,'connection',10,'en'),(6460,'include',7,'en'),(6461,'screen',6,'en'),(6462,'bar',3,'en'),(6463,'cartoon',7,'en'),(6464,'dynamic',7,'en'),(6465,'influence',9,'en'),(6466,'environmental',13,'en'),(6467,'soccer',6,'en'),(6468,'dedicate',8,'en'),(6469,'ridge',5,'en'),(6470,'fool',4,'en'),(6471,'urge',4,'en'),(6472,'peaceful',8,'en'),(6473,'name',4,'en'),(6474,'musical',7,'en'),(6475,'affair',6,'en'),(6476,'crash',5,'en'),(6477,'week',4,'en'),(6478,'regime',6,'en'),(6479,'serving',7,'en'),(6480,'determine',9,'en'),(6481,'rubber',6,'en'),(6482,'dog',3,'en'),(6483,'hypothesis',10,'en'),(6484,'effect',6,'en'),(6485,'belt',4,'en'),(6486,'establishment',13,'en'),(6487,'needle',6,'en'),(6488,'style',5,'en'),(6489,'identity',8,'en'),(6490,'waist',5,'en'),(6491,'appointment',11,'en'),(6492,'suggest',7,'en'),(6493,'start',5,'en'),(6494,'garden',6,'en'),(6495,'experiment',10,'en'),(6496,'given',5,'en'),(6497,'huge',4,'en'),(6498,'trading',7,'en'),(6499,'digital',7,'en'),(6500,'deny',4,'en'),(6501,'most',4,'en'),(6502,'disc',4,'en'),(6503,'cruel',5,'en'),(6504,'sweat',5,'en'),(6505,'programming',11,'en'),(6506,'fiscal',6,'en'),(6507,'deliberately',12,'en'),(6508,'guilt',5,'en'),(6509,'envision',8,'en'),(6510,'clothing',8,'en'),(6511,'vaccine',7,'en'),(6512,'historical',10,'en'),(6513,'listen',6,'en'),(6514,'water',5,'en'),(6515,'bankruptcy',10,'en'),(6516,'organ',5,'en'),(6517,'examination',11,'en'),(6518,'send',4,'en'),(6519,'ideology',8,'en'),(6520,'accept',6,'en'),(6521,'bed',3,'en'),(6522,'carve',5,'en'),(6523,'independent',11,'en'),(6524,'police',6,'en'),(6525,'hate',4,'en'),(6526,'retail',6,'en'),(6527,'grandparent',11,'en'),(6528,'precious',8,'en'),(6529,'delivery',8,'en'),(6530,'often',5,'en'),(6531,'bind',4,'en'),(6532,'banking',7,'en'),(6533,'universal',9,'en'),(6534,'plastic',7,'en'),(6535,'legitimate',10,'en'),(6536,'him',3,'en'),(6537,'fifth',5,'en'),(6538,'valley',6,'en'),(6539,'graduate',8,'en'),(6540,'than',4,'en'),(6541,'wealthy',7,'en'),(6542,'beg',3,'en'),(6543,'cheap',5,'en'),(6544,'equation',8,'en'),(6545,'helmet',6,'en'),(6546,'progressive',11,'en'),(6547,'empire',6,'en'),(6548,'interact',8,'en'),(6549,'and/or',6,'en'),(6550,'toe',3,'en'),(6551,'accurate',8,'en'),(6552,'sample',6,'en'),(6553,'dumb',4,'en'),(6554,'block',5,'en'),(6555,'correct',7,'en'),(6556,'sword',5,'en'),(6557,'twelve',6,'en'),(6558,'announce',8,'en'),(6559,'stuff',5,'en'),(6560,'lid',3,'en'),(6561,'medium',6,'en'),(6562,'marry',5,'en'),(6563,'transformation',14,'en'),(6564,'future',6,'en'),(6565,'back',4,'en'),(6566,'word',4,'en'),(6567,'constraint',10,'en'),(6568,'parent',6,'en'),(6569,'shrimp',6,'en'),(6570,'cancel',6,'en'),(6571,'grade',5,'en'),(6572,'uncomfortable',13,'en'),(6573,'activist',8,'en'),(6574,'income',6,'en'),(6575,'curve',5,'en'),(6576,'neighborhood',12,'en'),(6577,'video',5,'en'),(6578,'door',4,'en'),(6579,'steer',5,'en'),(6580,'section',7,'en'),(6581,'could',5,'en'),(6582,'scared',6,'en'),(6583,'Olympics',8,'en'),(6584,'punch',5,'en'),(6585,'totally',7,'en'),(6586,'pursue',6,'en'),(6587,'war',3,'en'),(6588,'realize',7,'en'),(6589,'happily',7,'en'),(6590,'inflation',9,'en'),(6591,'climate',7,'en'),(6592,'determination',13,'en'),(6593,'article',7,'en'),(6594,'peel',4,'en'),(6595,'unknown',7,'en'),(6596,'perform',7,'en'),(6597,'dirt',4,'en'),(6598,'summit',6,'en'),(6599,'framework',9,'en'),(6600,'straighten',10,'en'),(6601,'circle',6,'en'),(6602,'ash',3,'en'),(6603,'medical',7,'en'),(6604,'billion',7,'en'),(6605,'perceived',9,'en'),(6606,'sense',5,'en'),(6607,'load',4,'en'),(6608,'yesterday',9,'en'),(6609,'western',7,'en'),(6610,'certainly',9,'en'),(6611,'various',7,'en'),(6612,'correspondent',13,'en'),(6613,'goal',4,'en'),(6614,'exercise',8,'en'),(6615,'potential',9,'en'),(6616,'economics',9,'en'),(6617,'sixth',5,'en'),(6618,'nail',4,'en'),(6619,'above',5,'en'),(6620,'black',5,'en'),(6621,'capital',7,'en'),(6622,'dear',4,'en'),(6623,'disappear',9,'en'),(6624,'calm',4,'en'),(6625,'principal',9,'en'),(6626,'helpful',7,'en'),(6627,'actor',5,'en'),(6628,'concrete',8,'en'),(6629,'driveway',8,'en'),(6630,'city',4,'en'),(6631,'wildlife',8,'en'),(6632,'full',4,'en'),(6633,'toll',4,'en'),(6634,'literary',8,'en'),(6635,'current',7,'en'),(6636,'better',6,'en'),(6637,'trim',4,'en'),(6638,'laugh',5,'en'),(6639,'neighboring',11,'en'),(6640,'gifted',6,'en'),(6641,'pie',3,'en'),(6642,'garage',6,'en'),(6643,'southern',8,'en'),(6644,'accounting',10,'en'),(6645,'round',5,'en'),(6646,'offering',8,'en'),(6647,'Greek',5,'en'),(6648,'suppose',7,'en'),(6649,'environment',11,'en'),(6650,'employment',10,'en'),(6651,'tissue',6,'en'),(6652,'hurricane',9,'en'),(6653,'beside',6,'en'),(6654,'investigation',13,'en'),(6655,'investigator',12,'en'),(6656,'scan',4,'en'),(6657,'full-time',9,'en'),(6658,'storage',7,'en'),(6659,'relevant',8,'en'),(6660,'Dutch',5,'en'),(6661,'ever',4,'en'),(6662,'open',4,'en'),(6663,'awake',5,'en'),(6664,'investment',10,'en'),(6665,'night',5,'en'),(6666,'diabetes',8,'en'),(6667,'everyone',8,'en'),(6668,'shop',4,'en'),(6669,'obvious',7,'en'),(6670,'flag',4,'en'),(6671,'nod',3,'en'),(6672,'coordinate',10,'en'),(6673,'narrow',6,'en'),(6674,'million',7,'en'),(6675,'fantastic',9,'en'),(6676,'terror',6,'en'),(6677,'worker',6,'en'),(6678,'photography',11,'en'),(6679,'restrict',8,'en'),(6680,'isolation',9,'en'),(6681,'final',5,'en'),(6682,'academic',8,'en'),(6683,'march',5,'en'),(6684,'face',4,'en'),(6685,'mud',3,'en'),(6686,'tip',3,'en'),(6687,'perceive',8,'en'),(6688,'another',7,'en'),(6689,'suite',5,'en'),(6690,'detail',6,'en'),(6691,'divide',6,'en'),(6692,'dose',4,'en'),(6693,'fabric',6,'en'),(6694,'fifty',5,'en'),(6695,'trait',5,'en'),(6696,'concept',7,'en'),(6697,'alarm',5,'en'),(6698,'forth',5,'en'),(6699,'super',5,'en'),(6700,'warm',4,'en'),(6701,'color',5,'en'),(6702,'valuable',8,'en'),(6703,'quickly',7,'en'),(6704,'slight',6,'en'),(6705,'fair',4,'en'),(6706,'jungle',6,'en'),(6707,'partly',6,'en'),(6708,'promise',7,'en'),(6709,'cabin',5,'en'),(6710,'poem',4,'en'),(6711,'isolate',7,'en'),(6712,'landscape',9,'en'),(6713,'film',4,'en'),(6714,'presidency',10,'en'),(6715,'teenage',7,'en'),(6716,'European',8,'en'),(6717,'be',2,'en'),(6718,'unlike',6,'en'),(6719,'left',4,'en'),(6720,'production',10,'en'),(6721,'knowledge',9,'en'),(6722,'relatively',10,'en'),(6723,'position',8,'en'),(6724,'possess',7,'en'),(6725,'insight',7,'en'),(6726,'fall',4,'en'),(6727,'soon',4,'en'),(6728,'quiet',5,'en'),(6729,'certain',7,'en'),(6730,'prominent',9,'en'),(6731,'buck',4,'en'),(6732,'residential',11,'en'),(6733,'reporting',9,'en'),(6734,'seek',4,'en'),(6735,'hero',4,'en'),(6736,'arm',3,'en'),(6737,'storm',5,'en'),(6738,'proceed',7,'en'),(6739,'mechanic',8,'en'),(6740,'disturb',7,'en'),(6741,'mutual',6,'en'),(6742,'discuss',7,'en'),(6743,'sure',4,'en'),(6744,'victory',7,'en'),(6745,'heavily',7,'en'),(6746,'itself',6,'en'),(6747,'uncertain',9,'en'),(6748,'weakness',8,'en'),(6749,'neither',7,'en'),(6750,'chest',5,'en'),(6751,'depict',6,'en'),(6752,'alleged',7,'en'),(6753,'fascinating',11,'en'),(6754,'willingness',11,'en'),(6755,'sheep',5,'en'),(6756,'fault',5,'en'),(6757,'clearly',7,'en'),(6758,'interrupt',9,'en'),(6759,'aisle',5,'en'),(6760,'banker',6,'en'),(6761,'feed',4,'en'),(6762,'forward',7,'en'),(6763,'tower',5,'en'),(6764,'inherit',7,'en'),(6765,'tension',7,'en'),(6766,'supporter',9,'en'),(6767,'heaven',6,'en'),(6768,'suicide',7,'en'),(6769,'related',7,'en'),(6770,'dissolve',8,'en'),(6771,'whose',5,'en'),(6772,'combine',7,'en'),(6773,'information',11,'en'),(6774,'pray',4,'en'),(6775,'sculpture',9,'en'),(6776,'move',4,'en'),(6777,'complain',8,'en'),(6778,'nonetheless',11,'en'),(6779,'drug',4,'en'),(6780,'now',3,'en'),(6781,'strongly',8,'en'),(6782,'human',5,'en'),(6783,'journalist',10,'en'),(6784,'use',3,'en'),(6785,'embrace',7,'en'),(6786,'travel',6,'en'),(6787,'judge',5,'en'),(6788,'gate',4,'en'),(6789,'crucial',7,'en'),(6790,'regulatory',10,'en'),(6791,'shade',5,'en'),(6792,'main',4,'en'),(6793,'Catholic',8,'en'),(6794,'enforcement',11,'en'),(6795,'spend',5,'en'),(6796,'tolerate',8,'en'),(6797,'just',4,'en'),(6798,'campus',6,'en'),(6799,'ear',3,'en'),(6800,'latter',6,'en'),(6801,'measure',7,'en'),(6802,'poll',4,'en'),(6803,'afford',6,'en'),(6804,'sail',4,'en'),(6805,'pregnancy',9,'en'),(6806,'railroad',8,'en'),(6807,'resolve',7,'en'),(6808,'satellite',9,'en'),(6809,'anxiety',7,'en'),(6810,'consistently',12,'en'),(6811,'dancer',6,'en'),(6812,'private',7,'en'),(6813,'confusion',9,'en'),(6814,'unusual',7,'en'),(6815,'Christianity',12,'en'),(6816,'recommendation',14,'en'),(6817,'through',7,'en'),(6818,'obviously',9,'en'),(6819,'government',10,'en'),(6820,'outstanding',11,'en'),(6821,'independence',12,'en'),(6822,'line',4,'en'),(6823,'palm',4,'en'),(6824,'say',3,'en'),(6825,'follow',6,'en'),(6826,'quit',4,'en'),(6827,'lane',4,'en'),(6828,'behavior',8,'en'),(6829,'contemporary',12,'en'),(6830,'pace',4,'en'),(6831,'bicycle',7,'en'),(6832,'descend',7,'en'),(6833,'evolve',6,'en'),(6834,'previous',8,'en'),(6835,'collaboration',13,'en'),(6836,'touch',5,'en'),(6837,'prospect',8,'en'),(6838,'dip',3,'en'),(6839,'assure',6,'en'),(6840,'cover',5,'en'),(6841,'matter',6,'en'),(6842,'reinforce',9,'en'),(6843,'vanish',6,'en'),(6844,'retired',7,'en'),(6845,'green',5,'en'),(6846,'conceive',8,'en'),(6847,'chew',4,'en'),(6848,'delight',7,'en'),(6849,'happy',5,'en'),(6850,'van',3,'en'),(6851,'waste',5,'en'),(6852,'opt',3,'en'),(6853,'skirt',5,'en'),(6854,'executive',9,'en'),(6855,'self',4,'en'),(6856,'jacket',6,'en'),(6857,'food',4,'en'),(6858,'towel',5,'en'),(6859,'speak',5,'en'),(6860,'smart',5,'en'),(6861,'attack',6,'en'),(6862,'tribal',6,'en'),(6863,'condition',9,'en'),(6864,'deem',4,'en'),(6865,'copy',4,'en'),(6866,'courage',7,'en'),(6867,'everything',10,'en'),(6868,'rely',4,'en'),(6869,'required',8,'en'),(6870,'publication',11,'en'),(6871,'incredible',10,'en'),(6872,'lighting',8,'en'),(6873,'marble',6,'en'),(6874,'starting',8,'en'),(6875,'press',5,'en'),(6876,'youth',5,'en'),(6877,'maybe',5,'en'),(6878,'promising',9,'en'),(6879,'approximately',13,'en'),(6880,'adapt',5,'en'),(6881,'American',8,'en'),(6882,'draft',5,'en'),(6883,'migration',9,'en'),(6884,'modify',6,'en'),(6885,'bay',3,'en'),(6886,'gather',6,'en'),(6887,'prompt',6,'en'),(6888,'realistic',9,'en'),(6889,'sing',4,'en'),(6890,'regard',6,'en'),(6891,'invade',6,'en'),(6892,'friend',6,'en'),(6893,'cop',3,'en'),(6894,'remove',6,'en'),(6895,'worth',5,'en'),(6896,'brown',5,'en'),(6897,'lose',4,'en'),(6898,'portfolio',9,'en'),(6899,'planner',7,'en'),(6900,'handsome',8,'en'),(6901,'consist',7,'en'),(6902,'rush',4,'en'),(6903,'specialty',9,'en'),(6904,'northern',8,'en'),(6905,'credibility',11,'en'),(6906,'trace',5,'en'),(6907,'signature',9,'en'),(6908,'tune',4,'en'),(6909,'predict',7,'en'),(6910,'man',3,'en'),(6911,'profit',6,'en'),(6912,'feedback',8,'en'),(6913,'dramatic',8,'en'),(6914,'arrange',7,'en'),(6915,'shrug',5,'en'),(6916,'strength',8,'en'),(6917,'basis',5,'en'),(6918,'depressed',9,'en'),(6919,'empty',5,'en'),(6920,'articulate',10,'en'),(6921,'vocal',5,'en'),(6922,'validity',8,'en'),(6923,'Islamic',7,'en'),(6924,'severely',8,'en'),(6925,'consecutive',11,'en'),(6926,'liquid',6,'en'),(6927,'military',8,'en'),(6928,'absence',7,'en'),(6929,'basketball',10,'en'),(6930,'battery',7,'en'),(6931,'disease',7,'en'),(6932,'organizational',14,'en'),(6933,'bad',3,'en'),(6934,'ownership',9,'en'),(6935,'gene',4,'en'),(6936,'hello',5,'en'),(6937,'trap',4,'en'),(6938,'associate',9,'en'),(6939,'everybody',9,'en'),(6940,'shore',5,'en'),(6941,'rational',8,'en'),(6942,'junior',6,'en'),(6943,'height',6,'en'),(6944,'lots',4,'en'),(6945,'prefer',6,'en'),(6946,'soar',4,'en'),(6947,'platform',8,'en'),(6948,'deputy',6,'en'),(6949,'edition',7,'en'),(6950,'spy',3,'en'),(6951,'nut',3,'en'),(6952,'offer',5,'en'),(6953,'memory',6,'en'),(6954,'down',4,'en'),(6955,'sick',4,'en'),(6956,'spending',8,'en'),(6957,'pad',3,'en'),(6958,'cheek',5,'en'),(6959,'quietly',7,'en'),(6960,'beer',4,'en'),(6961,'keep',4,'en'),(6962,'coalition',9,'en'),(6963,'majority',8,'en'),(6964,'stem',4,'en'),(6965,'following',9,'en'),(6966,'dump',4,'en'),(6967,'genuine',7,'en'),(6968,'tag',3,'en'),(6969,'table',5,'en'),(6970,'variable',8,'en'),(6971,'secretary',9,'en'),(6972,'nearly',6,'en'),(6973,'funeral',7,'en'),(6974,'powerful',8,'en'),(6975,'airline',7,'en'),(6976,'nest',4,'en'),(6977,'tile',4,'en'),(6978,'link',4,'en'),(6979,'French',6,'en'),(6980,'accurately',10,'en'),(6981,'practitioner',12,'en'),(6982,'rip',3,'en'),(6983,'thus',4,'en'),(6984,'security',8,'en'),(6985,'bank',4,'en'),(6986,'successful',10,'en'),(6987,'fiber',5,'en'),(6988,'wagon',5,'en'),(6989,'understanding',13,'en'),(6990,'small',5,'en'),(6991,'proclaim',8,'en'),(6992,'weed',4,'en'),(6993,'proportion',10,'en'),(6994,'solar',5,'en'),(6995,'impulse',7,'en'),(6996,'retirement',10,'en'),(6997,'civil',5,'en'),(6998,'scholarship',11,'en'),(6999,'organize',8,'en'),(7000,'prior',5,'en'),(7001,'context',7,'en'),(7002,'remote',6,'en'),(7003,'attitude',8,'en'),(7004,'phase',5,'en'),(7005,'zone',4,'en'),(7006,'overall',7,'en'),(7007,'major',5,'en'),(7008,'growing',7,'en'),(7009,'tent',4,'en'),(7010,'news',4,'en'),(7011,'improvement',11,'en'),(7012,'clothes',7,'en'),(7013,'pour',4,'en'),(7014,'horror',6,'en'),(7015,'whereas',7,'en'),(7016,'attendance',10,'en'),(7017,'cluster',7,'en'),(7018,'log',3,'en'),(7019,'me',2,'en'),(7020,'trend',5,'en'),(7021,'involved',8,'en'),(7022,'enterprise',10,'en'),(7023,'breath',6,'en'),(7024,'shuttle',7,'en'),(7025,'achievement',11,'en'),(7026,'subsequent',10,'en'),(7027,'fragile',7,'en'),(7028,'supervisor',10,'en'),(7029,'essay',5,'en'),(7030,'month',5,'en'),(7031,'earnings',8,'en'),(7032,'passage',7,'en'),(7033,'grass',5,'en'),(7034,'commit',6,'en'),(7035,'consequence',11,'en'),(7036,'uh',2,'en'),(7037,'peasant',7,'en'),(7038,'recession',9,'en'),(7039,'sit',3,'en'),(7040,'sophisticated',13,'en'),(7041,'sensation',9,'en'),(7042,'advantage',9,'en'),(7043,'brilliant',9,'en'),(7044,'foster',6,'en'),(7045,'mechanical',10,'en'),(7046,'decade',6,'en'),(7047,'instruct',8,'en'),(7048,'apartment',9,'en'),(7049,'ministry',8,'en'),(7050,'president',9,'en'),(7051,'award',5,'en'),(7052,'car',3,'en'),(7053,'pound',5,'en'),(7054,'that',4,'en'),(7055,'young',5,'en'),(7056,'necessity',9,'en'),(7057,'undermine',9,'en'),(7058,'guest',5,'en'),(7059,'instead',7,'en'),(7060,'painful',7,'en'),(7061,'uniform',7,'en'),(7062,'adjust',6,'en'),(7063,'energy',6,'en'),(7064,'northwest',9,'en'),(7065,'session',7,'en'),(7066,'challenge',9,'en'),(7067,'grand',5,'en'),(7068,'remarkable',10,'en'),(7069,'actual',6,'en'),(7070,'holiday',7,'en'),(7071,'refuge',6,'en'),(7072,'debris',6,'en'),(7073,'gentle',6,'en'),(7074,'continued',9,'en'),(7075,'laboratory',10,'en'),(7076,'cope',4,'en'),(7077,'sum',3,'en'),(7078,'value',5,'en'),(7079,'sexual',6,'en'),(7080,'park',4,'en'),(7081,'perfectly',9,'en'),(7082,'admit',5,'en'),(7083,'melt',4,'en'),(7084,'broadcast',9,'en'),(7085,'thing',5,'en'),(7086,'plead',5,'en'),(7087,'hang',4,'en'),(7088,'others',6,'en'),(7089,'seize',5,'en'),(7090,'occur',5,'en'),(7091,'south',5,'en'),(7092,'automobile',10,'en'),(7093,'strategic',9,'en'),(7094,'cast',4,'en'),(7095,'whatever',8,'en'),(7096,'acquire',7,'en'),(7097,'software',8,'en'),(7098,'damage',6,'en'),(7099,'murder',6,'en'),(7100,'tape',4,'en'),(7101,'desperately',11,'en'),(7102,'participation',13,'en'),(7103,'mixture',7,'en'),(7104,'if',2,'en'),(7105,'inform',6,'en'),(7106,'anticipate',10,'en'),(7107,'forget',6,'en'),(7108,'snake',5,'en'),(7109,'dough',5,'en'),(7110,'bear',4,'en'),(7111,'illegal',7,'en'),(7112,'different',9,'en'),(7113,'offensive',9,'en'),(7114,'pollution',9,'en'),(7115,'vote',4,'en'),(7116,'salary',6,'en'),(7117,'fold',4,'en'),(7118,'program',7,'en'),(7119,'prove',5,'en'),(7120,'gold',4,'en'),(7121,'mine',4,'en'),(7122,'yours',5,'en'),(7123,'area',4,'en'),(7124,'nine',4,'en'),(7125,'bush',4,'en'),(7126,'invest',6,'en'),(7127,'interior',8,'en'),(7128,'scream',6,'en'),(7129,'speaker',7,'en'),(7130,'striking',8,'en'),(7131,'around',6,'en'),(7132,'gain',4,'en'),(7133,'finally',7,'en'),(7134,'wave',4,'en'),(7135,'ally',4,'en'),(7136,'development',11,'en'),(7137,'education',9,'en'),(7138,'alternative',11,'en'),(7139,'expedition',10,'en'),(7140,'steal',5,'en'),(7141,'high-tech',9,'en'),(7142,'pioneer',7,'en'),(7143,'duck',4,'en'),(7144,'diplomatic',10,'en'),(7145,'several',7,'en'),(7146,'market',6,'en'),(7147,'apparently',10,'en'),(7148,'grandchild',10,'en'),(7149,'presence',8,'en'),(7150,'intact',6,'en'),(7151,'spouse',6,'en'),(7152,'dare',4,'en'),(7153,'toss',4,'en'),(7154,'edit',4,'en'),(7155,'upon',4,'en'),(7156,'scope',5,'en'),(7157,'lemon',5,'en'),(7158,'curriculum',10,'en'),(7159,'render',6,'en'),(7160,'depart',6,'en'),(7161,'apologize',9,'en'),(7162,'radiation',9,'en'),(7163,'shirt',5,'en'),(7164,'briefly',7,'en'),(7165,'isolated',8,'en'),(7166,'well-being',10,'en'),(7167,'proof',5,'en'),(7168,'procedure',9,'en'),(7169,'ultimately',10,'en'),(7170,'quick',5,'en'),(7171,'kick',4,'en'),(7172,'peer',4,'en'),(7173,'franchise',9,'en'),(7174,'photo',5,'en'),(7175,'screw',5,'en'),(7176,'nuclear',7,'en'),(7177,'label',5,'en'),(7178,'die',3,'en'),(7179,'repair',6,'en'),(7180,'organized',9,'en'),(7181,'wherever',8,'en'),(7182,'objective',9,'en'),(7183,'compromise',10,'en'),(7184,'paper',5,'en'),(7185,'virtue',6,'en'),(7186,'large',5,'en'),(7187,'grief',5,'en'),(7188,'increase',8,'en'),(7189,'genius',6,'en'),(7190,'bronze',6,'en'),(7191,'gun',3,'en'),(7192,'typically',9,'en'),(7193,'eager',5,'en'),(7194,'Cuban',5,'en'),(7195,'Jewish',6,'en'),(7196,'expand',6,'en'),(7197,'once',4,'en'),(7198,'symbol',6,'en'),(7199,'ambitious',9,'en'),(7200,'plea',4,'en'),(7201,'bean',4,'en'),(7202,'myth',4,'en'),(7203,'glove',5,'en'),(7204,'cousin',6,'en'),(7205,'motive',6,'en'),(7206,'eastern',7,'en'),(7207,'watch',5,'en'),(7208,'character',9,'en'),(7209,'save',4,'en'),(7210,'array',5,'en'),(7211,'ethical',7,'en'),(7212,'experienced',11,'en'),(7213,'issue',5,'en'),(7214,'freeze',6,'en'),(7215,'ready',5,'en'),(7216,'beat',4,'en'),(7217,'embarrassed',11,'en'),(7218,'jeans',5,'en'),(7219,'disappointment',14,'en'),(7220,'politician',10,'en'),(7221,'British',7,'en'),(7222,'beautiful',9,'en'),(7223,'wheat',5,'en'),(7224,'electric',8,'en'),(7225,'failure',7,'en'),(7226,'Christmas',9,'en'),(7227,'clerk',5,'en'),(7228,'minority',8,'en'),(7229,'prepare',7,'en'),(7230,'cash',4,'en'),(7231,'stimulate',9,'en'),(7232,'goat',4,'en'),(7233,'devastating',11,'en'),(7234,'realm',5,'en'),(7235,'flee',4,'en'),(7236,'ha',2,'en'),(7237,'attention',9,'en'),(7238,'submit',6,'en'),(7239,'opposite',8,'en'),(7240,'neat',4,'en'),(7241,'lawmaker',8,'en'),(7242,'fire',4,'en'),(7243,'horizon',7,'en'),(7244,'evening',7,'en'),(7245,'addition',8,'en'),(7246,'prediction',10,'en'),(7247,'await',5,'en'),(7248,'honest',6,'en'),(7249,'child',5,'en'),(7250,'insurance',9,'en'),(7251,'relationship',12,'en'),(7252,'tomorrow',8,'en'),(7253,'nature',6,'en'),(7254,'formal',6,'en'),(7255,'equality',8,'en'),(7256,'media',5,'en'),(7257,'eye',3,'en'),(7258,'pose',4,'en'),(7259,'diagnose',8,'en'),(7260,'educator',8,'en'),(7261,'texture',7,'en'),(7262,'rebel',5,'en'),(7263,'withdrawal',10,'en'),(7264,'operation',9,'en'),(7265,'integration',11,'en'),(7266,'accountability',14,'en'),(7267,'incident',8,'en'),(7268,'injury',6,'en'),(7269,'but',3,'en'),(7270,'emphasis',8,'en'),(7271,'confession',10,'en'),(7272,'dispute',7,'en'),(7273,'presidential',12,'en'),(7274,'straw',5,'en'),(7275,'project',7,'en'),(7276,'defend',6,'en'),(7277,'including',9,'en'),(7278,'sex',3,'en'),(7279,'foundation',10,'en'),(7280,'material',8,'en'),(7281,'magic',5,'en'),(7282,'accomplishment',14,'en'),(7283,'sexy',4,'en'),(7284,'army',4,'en'),(7285,'versus',6,'en'),(7286,'electrical',10,'en'),(7287,'fully',5,'en'),(7288,'Arab',4,'en'),(7289,'defeat',6,'en'),(7290,'must',4,'en'),(7291,'mushroom',8,'en'),(7292,'flight',6,'en'),(7293,'also',4,'en'),(7294,'numerous',8,'en'),(7295,'placement',9,'en'),(7296,'clear',5,'en'),(7297,'initially',9,'en'),(7298,'rating',6,'en'),(7299,'mixed',5,'en'),(7300,'ridiculous',10,'en'),(7301,'branch',6,'en'),(7302,'classify',8,'en'),(7303,'club',4,'en'),(7304,'responsibility',14,'en'),(7305,'busy',4,'en'),(7306,'explanation',11,'en'),(7307,'wedding',7,'en'),(7308,'pretty',6,'en'),(7309,'guideline',9,'en'),(7310,'freshman',8,'en'),(7311,'possible',8,'en'),(7312,'distinguish',11,'en'),(7313,'plenty',6,'en'),(7314,'widow',5,'en'),(7315,'sometime',8,'en'),(7316,'practical',9,'en'),(7317,'colony',6,'en'),(7318,'standard',8,'en'),(7319,'combined',8,'en'),(7320,'release',7,'en'),(7321,'rod',3,'en'),(7322,'manufacturer',12,'en'),(7323,'nightmare',9,'en'),(7324,'conscience',10,'en'),(7325,'attract',7,'en'),(7326,'speculation',11,'en'),(7327,'proud',5,'en'),(7328,'chocolate',9,'en'),(7329,'spectrum',8,'en'),(7330,'credit',6,'en'),(7331,'managing',8,'en'),(7332,'mere',4,'en'),(7333,'off',3,'en'),(7334,'sentiment',9,'en'),(7335,'shoe',4,'en'),(7336,'magazine',8,'en'),(7337,'currently',9,'en'),(7338,'identify',8,'en'),(7339,'loan',4,'en'),(7340,'nominee',7,'en'),(7341,'late',4,'en'),(7342,'bright',6,'en'),(7343,'obstacle',8,'en'),(7344,'enforce',7,'en'),(7345,'limited',7,'en'),(7346,'commander',9,'en'),(7347,'wander',6,'en'),(7348,'mess',4,'en'),(7349,'forbid',6,'en'),(7350,'coin',4,'en'),(7351,'screening',9,'en'),(7352,'opportunity',11,'en'),(7353,'voting',6,'en'),(7354,'collective',10,'en'),(7355,'provide',7,'en'),(7356,'rescue',6,'en'),(7357,'weave',5,'en'),(7358,'element',7,'en'),(7359,'confident',9,'en'),(7360,'reveal',6,'en'),(7361,'stand',5,'en'),(7362,'southeast',9,'en'),(7363,'lonely',6,'en'),(7364,'address',7,'en'),(7365,'lock',4,'en'),(7366,'feeling',7,'en'),(7367,'terribly',8,'en'),(7368,'warning',7,'en'),(7369,'plane',5,'en'),(7370,'play',4,'en'),(7371,'sphere',6,'en'),(7372,'shape',5,'en'),(7373,'accuracy',8,'en'),(7374,'resume',6,'en'),(7375,'fate',4,'en'),(7376,'ago',3,'en'),(7377,'booth',5,'en'),(7378,'remind',6,'en'),(7379,'mass',4,'en'),(7380,'editor',6,'en'),(7381,'efficient',9,'en'),(7382,'monkey',6,'en'),(7383,'shooting',8,'en'),(7384,'blind',5,'en'),(7385,'story',5,'en'),(7386,'sell',4,'en'),(7387,'elegant',7,'en'),(7388,'thinking',8,'en'),(7389,'increased',9,'en'),(7390,'witness',7,'en'),(7391,'mix',3,'en'),(7392,'celebrate',9,'en'),(7393,'bless',5,'en'),(7394,'exact',5,'en'),(7395,'control',7,'en'),(7396,'possibility',11,'en'),(7397,'infrastructure',14,'en'),(7398,'fragment',8,'en'),(7399,'deadly',6,'en'),(7400,'theoretical',11,'en'),(7401,'lake',4,'en'),(7402,'struggle',8,'en'),(7403,'developing',10,'en'),(7404,'shareholder',11,'en'),(7405,'diary',5,'en'),(7406,'rid',3,'en'),(7407,'feather',7,'en'),(7408,'essence',7,'en'),(7409,'chunk',5,'en'),(7410,'would',5,'en'),(7411,'fun',3,'en'),(7412,'instrument',10,'en'),(7413,'essentially',11,'en'),(7414,'patent',6,'en'),(7415,'preach',6,'en'),(7416,'bare',4,'en'),(7417,'prosecution',11,'en'),(7418,'habit',5,'en'),(7419,'potentially',11,'en'),(7420,'danger',6,'en'),(7421,'chain',5,'en'),(7422,'indicator',9,'en'),(7423,'intelligent',11,'en'),(7424,'locate',6,'en'),(7425,'silly',5,'en'),(7426,'skilled',7,'en'),(7427,'attend',6,'en'),(7428,'turn',4,'en'),(7429,'cable',5,'en'),(7430,'conflict',8,'en'),(7431,'transmit',8,'en'),(7432,'literally',9,'en'),(7433,'envelope',8,'en'),(7434,'script',6,'en'),(7435,'code',4,'en'),(7436,'death',5,'en'),(7437,'thread',6,'en'),(7438,'swallow',7,'en'),(7439,'competitive',11,'en'),(7440,'authority',9,'en'),(7441,'operate',7,'en'),(7442,'grateful',8,'en'),(7443,'cat',3,'en'),(7444,'criminal',8,'en'),(7445,'remaining',9,'en'),(7446,'immigrant',9,'en'),(7447,'asset',5,'en'),(7448,'tribe',5,'en'),(7449,'trailer',7,'en'),(7450,'analyst',7,'en'),(7451,'contain',7,'en'),(7452,'graduation',10,'en'),(7453,'affect',6,'en'),(7454,'creative',8,'en'),(7455,'inspiration',11,'en'),(7456,'pleasure',8,'en'),(7457,'fuel',4,'en'),(7458,'menu',4,'en'),(7459,'decorate',8,'en'),(7460,'efficiency',10,'en'),(7461,'sweep',5,'en'),(7462,'amid',4,'en'),(7463,'comfort',7,'en'),(7464,'honestly',8,'en'),(7465,'gear',4,'en'),(7466,'seldom',6,'en'),(7467,'idea',4,'en'),(7468,'killer',6,'en'),(7469,'effective',9,'en'),(7470,'world',5,'en'),(7471,'bulk',4,'en'),(7472,'convince',8,'en'),(7473,'survive',7,'en'),(7474,'surely',6,'en'),(7475,'biology',7,'en'),(7476,'really',6,'en'),(7477,'steak',5,'en'),(7478,'financial',9,'en'),(7479,'center',6,'en'),(7480,'tropical',8,'en'),(7481,'conventional',12,'en'),(7482,'appear',6,'en'),(7483,'towards',7,'en'),(7484,'how',3,'en'),(7485,'resemble',8,'en'),(7486,'wonderful',9,'en'),(7487,'adoption',8,'en'),(7488,'obtain',6,'en'),(7489,'false',5,'en'),(7490,'suffer',6,'en'),(7491,'bury',4,'en'),(7492,'ceiling',7,'en'),(7493,'intervention',12,'en'),(7494,'downtown',8,'en'),(7495,'tender',6,'en'),(7496,'sudden',6,'en'),(7497,'ethics',6,'en'),(7498,'dignity',7,'en'),(7499,'assembly',8,'en'),(7500,'streak',6,'en'),(7501,'sustainable',11,'en'),(7502,'assistant',9,'en'),(7503,'bring',5,'en'),(7504,'frame',5,'en'),(7505,'object',6,'en'),(7506,'outside',7,'en'),(7507,'soil',4,'en'),(7508,'angle',5,'en'),(7509,'adolescent',10,'en'),(7510,'joke',4,'en'),(7511,'writer',6,'en'),(7512,'Supreme',7,'en'),(7513,'light',5,'en'),(7514,'aircraft',8,'en'),(7515,'substance',9,'en'),(7516,'remain',6,'en'),(7517,'globe',5,'en'),(7518,'altogether',10,'en'),(7519,'overlook',8,'en'),(7520,'attractive',10,'en'),(7521,'seriously',9,'en'),(7522,'blank',5,'en'),(7523,'toward',6,'en'),(7524,'colorful',8,'en'),(7525,'respond',7,'en'),(7526,'race',4,'en'),(7527,'treaty',6,'en'),(7528,'hug',3,'en'),(7529,'timing',6,'en'),(7530,'rent',4,'en'),(7531,'annual',6,'en'),(7532,'brick',5,'en'),(7533,'hunting',7,'en'),(7534,'jet',3,'en'),(7535,'model',5,'en'),(7536,'error',5,'en'),(7537,'organic',7,'en'),(7538,'stress',6,'en'),(7539,'fortune',7,'en'),(7540,'aggressive',10,'en'),(7541,'soap',4,'en'),(7542,'threat',6,'en'),(7543,'hurt',4,'en'),(7544,'protect',7,'en'),(7545,'crisis',6,'en'),(7546,'container',9,'en'),(7547,'closer',6,'en'),(7548,'result',6,'en'),(7549,'maintain',8,'en'),(7550,'away',4,'en'),(7551,'mineral',7,'en'),(7552,'force',5,'en'),(7553,'powder',6,'en'),(7554,'interpretation',14,'en'),(7555,'lap',3,'en'),(7556,'plunge',6,'en'),(7557,'capacity',8,'en'),(7558,'processor',9,'en'),(7559,'herb',4,'en'),(7560,'nerve',5,'en'),(7561,'Italian',7,'en'),(7562,'sharp',5,'en'),(7563,'assess',6,'en'),(7564,'believe',7,'en'),(7565,'lobby',5,'en'),(7566,'responsible',11,'en'),(7567,'wire',4,'en'),(7568,'huh',3,'en'),(7569,'let',3,'en'),(7570,'segment',7,'en'),(7571,'awareness',9,'en'),(7572,'pause',5,'en'),(7573,'verdict',7,'en'),(7574,'fever',5,'en'),(7575,'whom',4,'en'),(7576,'residence',9,'en'),(7577,'journal',7,'en'),(7578,'slot',4,'en'),(7579,'approach',8,'en'),(7580,'ill',3,'en'),(7581,'saving',6,'en'),(7582,'cool',4,'en'),(7583,'appreciation',12,'en'),(7584,'pencil',6,'en'),(7585,'whoever',7,'en'),(7586,'weather',7,'en'),(7587,'directly',8,'en'),(7588,'route',5,'en'),(7589,'exclusively',11,'en'),(7590,'diversity',9,'en'),(7591,'apart',5,'en'),(7592,'weapon',6,'en'),(7593,'staff',5,'en'),(7594,'founder',7,'en'),(7595,'childhood',9,'en'),(7596,'cease',5,'en'),(7597,'glass',5,'en'),(7598,'wrap',4,'en'),(7599,'marketplace',11,'en'),(7600,'scale',5,'en'),(7601,'regulate',8,'en'),(7602,'miracle',7,'en'),(7603,'chemical',8,'en'),(7604,'receive',7,'en'),(7605,'outfit',6,'en'),(7606,'field',5,'en'),(7607,'tone',4,'en'),(7608,'preparation',11,'en'),(7609,'previously',10,'en'),(7610,'symptom',7,'en'),(7611,'compel',6,'en'),(7612,'statement',9,'en'),(7613,'nearby',6,'en'),(7614,'glory',5,'en'),(7615,'unless',6,'en'),(7616,'representative',14,'en'),(7617,'secular',7,'en'),(7618,'much',4,'en'),(7619,'Israeli',7,'en'),(7620,'carry',5,'en'),(7621,'counseling',10,'en'),(7622,'fighting',8,'en'),(7623,'robot',5,'en'),(7624,'reality',7,'en'),(7625,'variation',9,'en'),(7626,'egg',3,'en'),(7627,'we',2,'en'),(7628,'confidence',10,'en'),(7629,'peace',5,'en'),(7630,'complete',8,'en'),(7631,'mathematics',11,'en'),(7632,'protein',7,'en'),(7633,'gray',4,'en'),(7634,'surgery',7,'en'),(7635,'squad',5,'en'),(7636,'class',5,'en'),(7637,'spell',5,'en'),(7638,'hostage',7,'en'),(7639,'typical',7,'en'),(7640,'report',6,'en'),(7641,'consume',7,'en'),(7642,'doubt',5,'en'),(7643,'bullet',6,'en'),(7644,'crystal',7,'en'),(7645,'might',5,'en'),(7646,'background',10,'en'),(7647,'pill',4,'en'),(7648,'monthly',7,'en'),(7649,'interpret',9,'en'),(7650,'infant',6,'en'),(7651,'concern',7,'en'),(7652,'society',7,'en'),(7653,'optimistic',10,'en'),(7654,'mysterious',10,'en'),(7655,'gross',5,'en'),(7656,'potato',6,'en'),(7657,'chill',5,'en'),(7658,'stable',6,'en'),(7659,'makeup',6,'en'),(7660,'spark',5,'en'),(7661,'thigh',5,'en'),(7662,'reject',6,'en'),(7663,'as',2,'en'),(7664,'apparent',8,'en'),(7665,'general',7,'en'),(7666,'hip',3,'en'),(7667,'artistic',8,'en'),(7668,'this',4,'en'),(7669,'crowd',5,'en'),(7670,'both',4,'en'),(7671,'shared',6,'en'),(7672,'walk',4,'en'),(7673,'norm',4,'en'),(7674,'doorway',7,'en'),(7675,'deposit',7,'en'),(7676,'boot',4,'en'),(7677,'someone',7,'en'),(7678,'dig',3,'en'),(7679,'meeting',7,'en'),(7680,'pant',4,'en'),(7681,'boyfriend',9,'en'),(7682,'district',8,'en'),(7683,'helicopter',10,'en'),(7684,'get',3,'en'),(7685,'reference',9,'en'),(7686,'skull',5,'en'),(7687,'century',7,'en'),(7688,'rider',5,'en'),(7689,'trip',4,'en'),(7690,'terrorism',9,'en'),(7691,'conception',10,'en'),(7692,'uncle',5,'en'),(7693,'interested',10,'en'),(7694,'alcohol',7,'en'),(7695,'director',8,'en'),(7696,'until',5,'en'),(7697,'rolling',7,'en'),(7698,'sandwich',8,'en'),(7699,'allegedly',9,'en'),(7700,'criticize',9,'en'),(7701,'carrier',7,'en'),(7702,'grasp',5,'en'),(7703,'midst',5,'en'),(7704,'auto',4,'en'),(7705,'short-term',10,'en'),(7706,'shut',4,'en'),(7707,'path',4,'en'),(7708,'humanity',8,'en'),(7709,'athlete',7,'en'),(7710,'occupation',10,'en'),(7711,'text',4,'en'),(7712,'hair',4,'en'),(7713,'okay',4,'en'),(7714,'level',5,'en'),(7715,'wolf',4,'en'),(7716,'math',4,'en'),(7717,'tired',5,'en'),(7718,'emotion',7,'en'),(7719,'grape',5,'en'),(7720,'joint',5,'en'),(7721,'borrow',6,'en'),(7722,'eating',6,'en'),(7723,'king',4,'en'),(7724,'mill',4,'en'),(7725,'exposure',8,'en'),(7726,'breathing',9,'en'),(7727,'particular',10,'en'),(7728,'inevitable',10,'en'),(7729,'view',4,'en'),(7730,'legislator',10,'en'),(7731,'equally',7,'en'),(7732,'indication',10,'en'),(7733,'input',5,'en'),(7734,'glimpse',7,'en'),(7735,'discrimination',14,'en'),(7736,'street',6,'en'),(7737,'cooperation',11,'en'),(7738,'mall',4,'en'),(7739,'elephant',8,'en'),(7740,'newly',5,'en'),(7741,'Thanksgiving',12,'en'),(7742,'gesture',7,'en'),(7743,'unlikely',8,'en'),(7744,'protective',10,'en'),(7745,'win',3,'en'),(7746,'retire',6,'en'),(7747,'comply',6,'en'),(7748,'premium',7,'en'),(7749,'notebook',8,'en'),(7750,'click',5,'en'),(7751,'probably',8,'en'),(7752,'boy',3,'en'),(7753,'instructor',10,'en'),(7754,'instruction',11,'en'),(7755,'impose',6,'en'),(7756,'expensive',9,'en'),(7757,'order',5,'en'),(7758,'acid',4,'en'),(7759,'pleased',7,'en'),(7760,'dancing',7,'en'),(7761,'stadium',7,'en'),(7762,'corporate',9,'en'),(7763,'fly',3,'en'),(7764,'costly',6,'en'),(7765,'learning',8,'en'),(7766,'sea',3,'en'),(7767,'mission',7,'en'),(7768,'dawn',4,'en'),(7769,'patron',6,'en'),(7770,'emotional',9,'en'),(7771,'killing',7,'en'),(7772,'disappointed',12,'en'),(7773,'leg',3,'en'),(7774,'employee',8,'en'),(7775,'boundary',8,'en'),(7776,'convention',10,'en'),(7777,'cost',4,'en'),(7778,'fish',4,'en'),(7779,'luck',4,'en'),(7780,'insert',6,'en'),(7781,'surrounding',11,'en'),(7782,'equipment',9,'en'),(7783,'actively',8,'en'),(7784,'weigh',5,'en'),(7785,'action',6,'en'),(7786,'meet',4,'en'),(7787,'wealth',6,'en'),(7788,'key',3,'en'),(7789,'silent',6,'en'),(7790,'bother',6,'en'),(7791,'fundamental',11,'en'),(7792,'Muslim',6,'en'),(7793,'Christian',9,'en'),(7794,'bag',3,'en'),(7795,'useful',6,'en'),(7796,'mystery',7,'en'),(7797,'theological',11,'en'),(7798,'west',4,'en'),(7799,'shake',5,'en'),(7800,'iron',4,'en'),(7801,'conduct',7,'en'),(7802,'afterward',9,'en'),(7803,'enthusiasm',10,'en'),(7804,'narrative',9,'en'),(7805,'pillow',6,'en'),(7806,'significant',11,'en'),(7807,'sales',5,'en'),(7808,'airport',7,'en'),(7809,'fluid',5,'en'),(7810,'charity',7,'en'),(7811,'statute',7,'en'),(7812,'deal',4,'en'),(7813,'it',2,'en'),(7814,'lower',5,'en'),(7815,'pat',3,'en'),(7816,'council',7,'en'),(7817,'discount',8,'en'),(7818,'employ',6,'en'),(7819,'initial',7,'en'),(7820,'sharply',7,'en'),(7821,'minimum',7,'en'),(7822,'stumble',7,'en'),(7823,'pile',4,'en'),(7824,'sue',3,'en'),(7825,'symbolic',8,'en'),(7826,'thoroughly',10,'en'),(7827,'long-term',9,'en'),(7828,'constitutional',14,'en'),(7829,'upper',5,'en'),(7830,'historian',9,'en'),(7831,'continent',9,'en'),(7832,'hunt',4,'en'),(7833,'upset',5,'en'),(7834,'admire',6,'en'),(7835,'destruction',11,'en'),(7836,'adopt',5,'en'),(7837,'butterfly',9,'en'),(7838,'rarely',6,'en'),(7839,'white',5,'en'),(7840,'atmosphere',10,'en'),(7841,'particle',8,'en'),(7842,'guess',5,'en'),(7843,'opponent',8,'en'),(7844,'coastal',7,'en'),(7845,'proposal',8,'en'),(7846,'inevitably',10,'en'),(7847,'landing',7,'en'),(7848,'distant',7,'en'),(7849,'winner',6,'en'),(7850,'requirement',11,'en'),(7851,'fur',3,'en'),(7852,'voice',5,'en'),(7853,'counselor',9,'en'),(7854,'preference',10,'en'),(7855,'always',6,'en'),(7856,'dying',5,'en'),(7857,'bit',3,'en'),(7858,'amendment',9,'en'),(7859,'owner',5,'en'),(7860,'coup',4,'en'),(7861,'drop',4,'en'),(7862,'Internet',8,'en'),(7863,'grandfather',11,'en'),(7864,'bowl',4,'en'),(7865,'in',2,'en'),(7866,'hold',4,'en'),(7867,'enter',5,'en'),(7868,'venture',7,'en'),(7869,'gasoline',8,'en'),(7870,'poster',6,'en'),(7871,'freedom',7,'en'),(7872,'ahead',5,'en'),(7873,'replacement',11,'en'),(7874,'entirely',8,'en'),(7875,'break',5,'en'),(7876,'lightly',7,'en'),(7877,'origin',6,'en'),(7878,'desert',6,'en'),(7879,'exam',4,'en'),(7880,'recovery',8,'en'),(7881,'advertising',11,'en'),(7882,'notion',6,'en'),(7883,'hostile',7,'en'),(7884,'shorts',6,'en'),(7885,'initiate',8,'en'),(7886,'bath',4,'en'),(7887,'wide',4,'en'),(7888,'mayor',5,'en'),(7889,'supposedly',10,'en'),(7890,'average',7,'en'),(7891,'besides',7,'en'),(7892,'female',6,'en'),(7893,'playoff',7,'en'),(7894,'unite',5,'en'),(7895,'rib',3,'en'),(7896,'aside',5,'en'),(7897,'inspire',7,'en'),(7898,'Spanish',7,'en'),(7899,'alive',5,'en'),(7900,'abuse',5,'en'),(7901,'problem',7,'en'),(7902,'worldwide',9,'en'),(7903,'effectively',11,'en'),(7904,'supposed',8,'en'),(7905,'publisher',9,'en'),(7906,'jewelry',7,'en'),(7907,'govern',6,'en'),(7908,'guy',3,'en'),(7909,'primary',7,'en'),(7910,'exploration',11,'en'),(7911,'garlic',6,'en'),(7912,'excitement',10,'en'),(7913,'mode',4,'en'),(7914,'track',5,'en'),(7915,'conference',10,'en'),(7916,'fork',4,'en'),(7917,'tour',4,'en'),(7918,'palace',6,'en'),(7919,'receiver',8,'en'),(7920,'lean',4,'en'),(7921,'ambition',8,'en'),(7922,'essential',9,'en'),(7923,'compete',7,'en'),(7924,'lovely',6,'en'),(7925,'consumption',11,'en'),(7926,'possibly',8,'en'),(7927,'because',7,'en'),(7928,'football',8,'en'),(7929,'perception',10,'en'),(7930,'longtime',8,'en'),(7931,'slow',4,'en'),(7932,'episode',7,'en'),(7933,'arrival',7,'en'),(7934,'successfully',12,'en'),(7935,'daily',5,'en'),(7936,'dictate',7,'en'),(7937,'echo',4,'en'),(7938,'chapter',7,'en'),(7939,'capture',7,'en'),(7940,'likewise',8,'en'),(7941,'dirty',5,'en'),(7942,'circuit',7,'en'),(7943,'weaken',6,'en'),(7944,'unexpected',10,'en'),(7945,'warmth',6,'en'),(7946,'dessert',7,'en'),(7947,'personality',11,'en'),(7948,'artifact',8,'en'),(7949,'task',4,'en'),(7950,'noon',4,'en'),(7951,'beef',4,'en'),(7952,'three',5,'en'),(7953,'battle',6,'en'),(7954,'carbon',6,'en'),(7955,'throw',5,'en'),(7956,'minimize',8,'en'),(7957,'inmate',6,'en'),(7958,'telescope',9,'en'),(7959,'deadline',8,'en'),(7960,'will',4,'en'),(7961,'afraid',6,'en'),(7962,'charm',5,'en'),(7963,'inventory',9,'en'),(7964,'theater',7,'en'),(7965,'third',5,'en'),(7966,'dynamics',8,'en'),(7967,'telephone',9,'en'),(7968,'civilian',8,'en'),(7969,'elite',5,'en'),(7970,'dried',5,'en'),(7971,'thick',5,'en'),(7972,'Congress',8,'en'),(7973,'ratio',5,'en'),(7974,'something',9,'en'),(7975,'sheet',5,'en'),(7976,'rock',4,'en'),(7977,'cotton',6,'en'),(7978,'exploit',7,'en'),(7979,'relax',5,'en'),(7980,'commodity',9,'en'),(7981,'conservative',12,'en'),(7982,'catalog',7,'en'),(7983,'ought',5,'en'),(7984,'machine',7,'en'),(7985,'barn',4,'en'),(7986,'bounce',6,'en'),(7987,'player',6,'en'),(7988,'your',4,'en'),(7989,'architect',9,'en'),(7990,'cigarette',9,'en'),(7991,'pitcher',7,'en'),(7992,'interval',8,'en'),(7993,'ship',4,'en'),(7994,'calendar',8,'en'),(7995,'professional',12,'en'),(7996,'talented',8,'en'),(7997,'recognition',11,'en'),(7998,'state',5,'en'),(7999,'fit',3,'en'),(8000,'train',5,'en'),(8001,'Roman',5,'en'),(8002,'dozen',5,'en'),(8003,'shark',5,'en'),(8004,'formerly',8,'en'),(8005,'feel',4,'en'),(8006,'upstairs',8,'en'),(8007,'autonomy',8,'en'),(8008,'couple',6,'en'),(8009,'hence',5,'en'),(8010,'near',4,'en'),(8011,'shame',5,'en'),(8012,'investigate',11,'en'),(8013,'anger',5,'en'),(8014,'shadow',6,'en'),(8015,'revolution',10,'en'),(8016,'department',10,'en'),(8017,'heritage',8,'en'),(8018,'radical',7,'en'),(8019,'formula',7,'en'),(8020,'hardware',8,'en'),(8021,'vessel',6,'en'),(8022,'lab',3,'en'),(8023,'personnel',9,'en'),(8024,'role',4,'en'),(8025,'cord',4,'en'),(8026,'nervous',7,'en'),(8027,'hey',3,'en'),(8028,'Iraqi',5,'en'),(8029,'discourse',9,'en'),(8030,'squeeze',7,'en'),(8031,'workshop',8,'en'),(8032,'willing',7,'en'),(8033,'button',6,'en'),(8034,'demonstration',13,'en'),(8035,'push',4,'en'),(8036,'alter',5,'en'),(8037,'celebration',11,'en'),(8038,'organism',8,'en'),(8039,'unable',6,'en'),(8040,'normal',6,'en'),(8041,'need',4,'en'),(8042,'metaphor',8,'en'),(8043,'productive',10,'en'),(8044,'hope',4,'en'),(8045,'bow',3,'en'),(8046,'cooperative',11,'en'),(8047,'recommend',9,'en'),(8048,'noise',5,'en'),(8049,'born',4,'en'),(8050,'motivation',10,'en'),(8051,'jar',3,'en'),(8052,'case',4,'en'),(8053,'entity',6,'en'),(8054,'quarter',7,'en'),(8055,'uncover',7,'en'),(8056,'try',3,'en'),(8057,'window',6,'en'),(8058,'refrigerator',12,'en'),(8059,'afternoon',9,'en'),(8060,'defense',7,'en'),(8061,'provision',9,'en'),(8062,'economist',9,'en'),(8063,'beast',5,'en'),(8064,'prevail',7,'en'),(8065,'negotiate',9,'en'),(8066,'cognitive',9,'en'),(8067,'therefore',9,'en'),(8068,'vehicle',7,'en'),(8069,'cute',4,'en'),(8070,'lady',4,'en'),(8071,'school',6,'en'),(8072,'dominant',8,'en'),(8073,'literature',10,'en'),(8074,'outsider',8,'en'),(8075,'talk',4,'en'),(8076,'and',3,'en'),(8077,'explore',7,'en'),(8078,'consider',8,'en'),(8079,'suck',4,'en'),(8080,'flexibility',11,'en'),(8081,'like',4,'en'),(8082,'involve',7,'en'),(8083,'temple',6,'en'),(8084,'custom',6,'en'),(8085,'flow',4,'en'),(8086,'voter',5,'en'),(8087,'hook',4,'en'),(8088,'surround',8,'en'),(8089,'into',4,'en'),(8090,'territory',9,'en'),(8091,'evolution',9,'en'),(8092,'band',4,'en'),(8093,'fisherman',9,'en'),(8094,'perhaps',7,'en'),(8095,'contribution',12,'en'),(8096,'precisely',9,'en'),(8097,'secure',6,'en'),(8098,'specifically',12,'en'),(8099,'bunch',5,'en'),(8100,'landmark',8,'en'),(8101,'flip',4,'en'),(8102,'hard',4,'en'),(8103,'estimated',9,'en'),(8104,'balanced',8,'en'),(8105,'pipe',4,'en'),(8106,'cookie',6,'en'),(8107,'six',3,'en'),(8108,'etc',3,'en'),(8109,'mutter',6,'en'),(8110,'developer',9,'en'),(8111,'encounter',9,'en'),(8112,'lightning',9,'en'),(8113,'advise',6,'en'),(8114,'adviser',7,'en'),(8115,'terrorist',9,'en'),(8116,'title',5,'en'),(8117,'resolution',10,'en'),(8118,'restore',7,'en'),(8119,'still',5,'en'),(8120,'terrible',8,'en'),(8121,'gravity',7,'en'),(8122,'since',5,'en'),(8123,'moderate',8,'en'),(8124,'hall',4,'en'),(8125,'critical',8,'en'),(8126,'enemy',5,'en'),(8127,'reliability',11,'en'),(8128,'administer',10,'en'),(8129,'odd',3,'en'),(8130,'strain',6,'en'),(8131,'fist',4,'en'),(8132,'gender',6,'en'),(8133,'collection',10,'en'),(8134,'adjustment',10,'en'),(8135,'smell',5,'en'),(8136,'good',4,'en'),(8137,'generation',10,'en'),(8138,'home',4,'en'),(8139,'interesting',11,'en'),(8140,'darkness',8,'en'),(8141,'servant',7,'en'),(8142,'shower',6,'en'),(8143,'opposition',10,'en'),(8144,'performer',9,'en'),(8145,'crush',5,'en'),(8146,'necessary',9,'en'),(8147,'hopefully',9,'en'),(8148,'fatigue',7,'en'),(8149,'surgeon',7,'en'),(8150,'international',13,'en'),(8151,'dark',4,'en'),(8152,'debt',4,'en'),(8153,'cell',4,'en'),(8154,'enjoy',5,'en'),(8155,'stock',5,'en'),(8156,'talent',6,'en'),(8157,'pet',3,'en'),(8158,'Russian',7,'en'),(8159,'user',4,'en'),(8160,'marker',6,'en'),(8161,'chairman',8,'en'),(8162,'grocery',7,'en'),(8163,'bolt',4,'en'),(8164,'management',10,'en'),(8165,'shoot',5,'en'),(8166,'alley',5,'en'),(8167,'punish',6,'en'),(8168,'aware',5,'en'),(8169,'customer',8,'en'),(8170,'overwhelm',9,'en'),(8171,'absolute',8,'en'),(8172,'ensure',6,'en'),(8173,'accuse',6,'en'),(8174,'remember',8,'en'),(8175,'their',5,'en'),(8176,'minor',5,'en'),(8177,'bridge',6,'en'),(8178,'liberal',7,'en'),(8179,'mainstream',10,'en'),(8180,'spit',4,'en'),(8181,'Olympic',7,'en'),(8182,'arrow',5,'en'),(8183,'offender',8,'en'),(8184,'can',3,'en'),(8185,'deeply',6,'en'),(8186,'peanut',6,'en'),(8187,'wound',5,'en'),(8188,'desk',4,'en'),(8189,'completely',10,'en'),(8190,'analysis',8,'en'),(8191,'swell',5,'en'),(8192,'dress',5,'en'),(8193,'surprising',10,'en'),(8194,'demographic',11,'en'),(8195,'vacuum',6,'en'),(8196,'succeed',7,'en'),(8197,'foot',4,'en'),(8198,'plant',5,'en'),(8199,'four',4,'en'),(8200,'ad',2,'en'),(8201,'desire',6,'en'),(8202,'minister',8,'en'),(8203,'power',5,'en'),(8204,'cook',4,'en'),(8205,'anyone',6,'en'),(8206,'mind',4,'en'),(8207,'improve',7,'en'),(8208,'Irish',5,'en'),(8209,'woman',5,'en'),(8210,'communicate',11,'en'),(8211,'gentleman',9,'en'),(8212,'roughly',7,'en'),(8213,'compliance',10,'en'),(8214,'impact',6,'en'),(8215,'tea',3,'en'),(8216,'quantity',8,'en'),(8217,'poor',4,'en'),(8218,'badly',5,'en'),(8219,'air',3,'en'),(8220,'native',6,'en'),(8221,'steam',5,'en'),(8222,'swear',5,'en'),(8223,'lunch',5,'en'),(8224,'appeal',6,'en'),(8225,'from',4,'en'),(8226,'review',6,'en'),(8227,'diet',4,'en'),(8228,'emphasize',9,'en'),(8229,'transaction',11,'en'),(8230,'identical',9,'en'),(8231,'reading',7,'en'),(8232,'emotionally',11,'en'),(8233,'tragic',6,'en'),(8234,'confuse',7,'en'),(8235,'resign',6,'en'),(8236,'neighbor',8,'en'),(8237,'historic',8,'en'),(8238,'consultant',10,'en'),(8239,'cross',5,'en'),(8240,'thrive',6,'en'),(8241,'hunger',6,'en'),(8242,'driver',6,'en'),(8243,'ie',2,'en'),(8244,'except',6,'en'),(8245,'former',6,'en'),(8246,'studio',6,'en'),(8247,'marketing',9,'en'),(8248,'tactic',6,'en'),(8249,'format',6,'en'),(8250,'maker',5,'en'),(8251,'marine',6,'en'),(8252,'bird',4,'en'),(8253,'commonly',8,'en'),(8254,'deploy',6,'en'),(8255,'housing',7,'en'),(8256,'serious',7,'en'),(8257,'begin',5,'en'),(8258,'immune',6,'en'),(8259,'terms',5,'en'),(8260,'factor',6,'en'),(8261,'accommodate',11,'en'),(8262,'tooth',5,'en'),(8263,'wall',4,'en'),(8264,'nose',4,'en'),(8265,'buyer',5,'en'),(8266,'trunk',5,'en'),(8267,'truth',5,'en'),(8268,'similar',7,'en'),(8269,'continuing',10,'en'),(8270,'ride',4,'en'),(8271,'you',3,'en'),(8272,'deliver',7,'en'),(8273,'oversee',7,'en'),(8274,'seed',4,'en'),(8275,'grab',4,'en'),(8276,'cold',4,'en'),(8277,'God',3,'en'),(8278,'privately',9,'en'),(8279,'earthquake',10,'en'),(8280,'roof',4,'en'),(8281,'manage',6,'en'),(8282,'being',5,'en'),(8283,'reach',5,'en'),(8284,'used',4,'en'),(8285,'Asian',5,'en'),(8286,'quarterback',11,'en'),(8287,'guarantee',9,'en'),(8288,'cue',3,'en'),(8289,'training',8,'en'),(8290,'search',6,'en'),(8291,'fraud',5,'en'),(8292,'anywhere',8,'en'),(8293,'shoulder',8,'en'),(8294,'observe',7,'en'),(8295,'rehabilitation',14,'en'),(8296,'scent',5,'en'),(8297,'secret',6,'en'),(8298,'panel',5,'en'),(8299,'exclusive',9,'en'),(8300,'bike',4,'en'),(8301,'chamber',7,'en'),(8302,'prohibit',8,'en'),(8303,'modest',6,'en'),(8304,'himself',7,'en'),(8305,'truck',5,'en'),(8306,'ideal',5,'en'),(8307,'Soviet',6,'en'),(8308,'importantly',11,'en'),(8309,'burn',4,'en'),(8310,'formation',9,'en'),(8311,'flat',4,'en'),(8312,'frequently',10,'en'),(8313,'curiosity',9,'en'),(8314,'pork',4,'en'),(8315,'coal',4,'en'),(8316,'least',5,'en'),(8317,'favor',5,'en'),(8318,'ask',3,'en'),(8319,'during',6,'en'),(8320,'statue',6,'en'),(8321,'experimental',12,'en'),(8322,'bell',4,'en'),(8323,'blanket',7,'en'),(8324,'direction',9,'en'),(8325,'purchase',8,'en'),(8326,'attorney',8,'en'),(8327,'baby',4,'en'),(8328,'finger',6,'en'),(8329,'living',6,'en'),(8330,'operator',8,'en'),(8331,'happiness',9,'en'),(8332,'relieve',7,'en'),(8333,'solve',5,'en'),(8334,'big',3,'en'),(8335,'worried',7,'en'),(8336,'expected',8,'en'),(8337,'find',4,'en'),(8338,'bus',3,'en'),(8339,'camp',4,'en'),(8340,'pastor',6,'en'),(8341,'poke',4,'en'),(8342,'philosophical',13,'en'),(8343,'spring',6,'en'),(8344,'impression',10,'en'),(8345,'traditionally',13,'en'),(8346,'central',7,'en'),(8347,'confront',8,'en'),(8348,'gallery',7,'en'),(8349,'chef',4,'en'),(8350,'controversial',13,'en'),(8351,'technical',9,'en'),(8352,'tunnel',6,'en'),(8353,'desperate',9,'en'),(8354,'provided',8,'en'),(8355,'socially',8,'en'),(8356,'nevertheless',12,'en'),(8357,'damn',4,'en'),(8358,'sector',6,'en'),(8359,'fashion',7,'en'),(8360,'sprinkle',8,'en'),(8361,'wish',4,'en'),(8362,'citizen',7,'en'),(8363,'plus',4,'en'),(8364,'example',7,'en'),(8365,'ongoing',7,'en'),(8366,'constant',8,'en'),(8367,'continuous',10,'en'),(8368,'judicial',8,'en'),(8369,'grace',5,'en'),(8370,'mad',3,'en'),(8371,'merit',5,'en'),(8372,'nothing',7,'en'),(8373,'cheese',6,'en'),(8374,'workout',7,'en'),(8375,'baseball',8,'en'),(8376,'hear',4,'en'),(8377,'truly',5,'en'),(8378,'tall',4,'en'),(8379,'belly',5,'en'),(8380,'trouble',7,'en'),(8381,'persuade',8,'en'),(8382,'low',3,'en'),(8383,'sheer',5,'en'),(8384,'mandate',7,'en'),(8385,'reflection',10,'en'),(8386,'mansion',7,'en'),(8387,'wheelchair',10,'en'),(8388,'aide',4,'en'),(8389,'strictly',8,'en'),(8390,'intention',9,'en'),(8391,'angel',5,'en'),(8392,'captain',7,'en'),(8393,'ah',2,'en'),(8394,'active',6,'en'),(8395,'suffering',9,'en'),(8396,'personally',10,'en'),(8397,'DNA',3,'en'),(8398,'presentation',12,'en'),(8399,'two-thirds',10,'en'),(8400,'estate',6,'en'),(8401,'with',4,'en'),(8402,'port',4,'en'),(8403,'within',6,'en'),(8404,'infection',9,'en'),(8405,'cancer',6,'en'),(8406,'patch',5,'en'),(8407,'ankle',5,'en'),(8408,'occasion',8,'en'),(8409,'tool',4,'en'),(8410,'innovative',10,'en'),(8411,'Persian',7,'en'),(8412,'recognize',9,'en'),(8413,'generally',9,'en'),(8414,'last',4,'en'),(8415,'river',5,'en'),(8416,'corn',4,'en'),(8417,'whole',5,'en'),(8418,'practically',11,'en'),(8419,'routine',7,'en'),(8420,'host',4,'en'),(8421,'engineer',8,'en'),(8422,'policy',6,'en'),(8423,'accompany',9,'en'),(8424,'attach',6,'en'),(8425,'less',4,'en'),(8426,'engine',6,'en'),(8427,'stomach',7,'en'),(8428,'forehead',8,'en'),(8429,'climb',5,'en'),(8430,'policeman',9,'en'),(8431,'veteran',7,'en'),(8432,'church',6,'en'),(8433,'considerable',12,'en'),(8434,'via',3,'en'),(8435,'who',3,'en'),(8436,'electronic',10,'en'),(8437,'split',5,'en'),(8438,'technician',10,'en'),(8439,'tighten',7,'en'),(8440,'gathering',9,'en'),(8441,'bite',4,'en'),(8442,'forever',7,'en'),(8443,'careful',7,'en'),(8444,'protection',10,'en'),(8445,'whale',5,'en'),(8446,'assessment',10,'en'),(8447,'design',6,'en'),(8448,'ours',4,'en'),(8449,'term',4,'en'),(8450,'constitution',12,'en'),(8451,'relate',6,'en'),(8452,'nonprofit',9,'en'),(8453,'conversation',12,'en'),(8454,'cabinet',7,'en'),(8455,'religion',8,'en'),(8456,'eight',5,'en'),(8457,'heavy',5,'en'),(8458,'pull',4,'en'),(8459,'bloody',6,'en'),(8460,'working',7,'en'),(8461,'eventually',10,'en'),(8462,'hole',4,'en'),(8463,'aggression',10,'en'),(8464,'sidewalk',8,'en'),(8465,'real',4,'en'),(8466,'mm-hmm',6,'en'),(8467,'critic',6,'en'),(8468,'below',5,'en'),(8469,'plate',5,'en'),(8470,'African',7,'en'),(8471,'fighter',7,'en'),(8472,'driving',7,'en'),(8473,'patience',8,'en'),(8474,'grow',4,'en'),(8475,'satisfy',7,'en'),(8476,'mortgage',8,'en'),(8477,'tragedy',7,'en'),(8478,'warrior',7,'en'),(8479,'fee',3,'en'),(8480,'recording',9,'en'),(8481,'accomplish',10,'en'),(8482,'undertake',9,'en'),(8483,'map',3,'en'),(8484,'democratic',10,'en'),(8485,'tax',3,'en'),(8486,'slap',4,'en'),(8487,'maximum',7,'en'),(8488,'fame',4,'en'),(8489,'box',3,'en'),(8490,'habitat',7,'en'),(8491,'defender',8,'en'),(8492,'house',5,'en'),(8493,'technique',9,'en'),(8494,'shift',5,'en'),(8495,'passing',7,'en'),(8496,'dance',5,'en'),(8497,'yeah',4,'en'),(8498,'agenda',6,'en'),(8499,'introduce',9,'en'),(8500,'vertical',8,'en'),(8501,'universe',8,'en'),(8502,'exotic',6,'en'),(8503,'destination',11,'en'),(8504,'sequence',8,'en'),(8505,'sunlight',8,'en'),(8506,'limit',5,'en'),(8507,'surprise',8,'en'),(8508,'family',6,'en'),(8509,'regulation',10,'en'),(8510,'definitely',10,'en'),(8511,'ecological',10,'en'),(8512,'naturally',9,'en'),(8513,'myself',6,'en'),(8514,'fiction',7,'en'),(8515,'tackle',6,'en'),(8516,'difference',10,'en'),(8517,'excellent',9,'en'),(8518,'contact',7,'en'),(8519,'define',6,'en'),(8520,'room',4,'en'),(8521,'sibling',7,'en'),(8522,'mail',4,'en'),(8523,'principle',9,'en'),(8524,'strong',6,'en'),(8525,'allow',5,'en'),(8526,'drinking',8,'en'),(8527,'direct',6,'en'),(8528,'audience',8,'en'),(8529,'physician',9,'en'),(8530,'beyond',6,'en'),(8531,'wage',4,'en'),(8532,'artist',6,'en'),(8533,'dining',6,'en'),(8534,'likelihood',10,'en'),(8535,'balloon',7,'en'),(8536,'skin',4,'en'),(8537,'necessarily',11,'en'),(8538,'growth',6,'en'),(8539,'muscle',6,'en'),(8540,'hand',4,'en'),(8541,'yield',5,'en'),(8542,'match',5,'en'),(8543,'hit',3,'en'),(8544,'card',4,'en'),(8545,'thank',5,'en'),(8546,'closely',7,'en'),(8547,'disaster',8,'en'),(8548,'birth',5,'en'),(8549,'horn',4,'en'),(8550,'frankly',7,'en'),(8551,'delicate',8,'en'),(8552,'confess',7,'en'),(8553,'laughter',8,'en'),(8554,'Mexican',7,'en'),(8555,'prayer',6,'en'),(8556,'attraction',10,'en'),(8557,'mother',6,'en'),(8558,'self-esteem',11,'en'),(8559,'silence',7,'en'),(8560,'improved',8,'en'),(8561,'sign',4,'en'),(8562,'topic',5,'en'),(8563,'schedule',8,'en'),(8564,'content',7,'en'),(8565,'arise',5,'en'),(8566,'yourself',8,'en'),(8567,'lens',4,'en'),(8568,'oppose',6,'en'),(8569,'Palestinian',11,'en'),(8570,'advance',7,'en'),(8571,'physical',8,'en'),(8572,'short',5,'en'),(8573,'phenomenon',10,'en'),(8574,'gut',3,'en'),(8575,'privilege',9,'en'),(8576,'identification',14,'en'),(8577,'jazz',4,'en'),(8578,'job',3,'en'),(8579,'university',10,'en'),(8580,'although',8,'en'),(8581,'journalism',10,'en'),(8582,'pasta',5,'en'),(8583,'inside',6,'en'),(8584,'privacy',7,'en'),(8585,'fitness',7,'en'),(8586,'birthday',8,'en'),(8587,'respectively',12,'en'),(8588,'old-fashioned',13,'en'),(8589,'frequency',9,'en'),(8590,'business',8,'en'),(8591,'own',3,'en'),(8592,'elementary',10,'en'),(8593,'mirror',6,'en'),(8594,'acceptable',10,'en'),(8595,'creativity',10,'en'),(8596,'extensive',9,'en'),(8597,'puzzle',6,'en'),(8598,'respondent',10,'en'),(8599,'kit',3,'en'),(8600,'rain',4,'en'),(8601,'item',4,'en'),(8602,'forest',6,'en'),(8603,'core',4,'en'),(8604,'parish',6,'en'),(8605,'important',9,'en'),(8606,'counter',7,'en'),(8607,'spin',4,'en'),(8608,'silver',6,'en'),(8609,'life',4,'en'),(8610,'reportedly',10,'en'),(8611,'minimal',7,'en'),(8612,'absorb',6,'en'),(8613,'assumption',10,'en'),(8614,'discipline',10,'en'),(8615,'softly',6,'en'),(8616,'sovereignty',11,'en'),(8617,'brief',5,'en'),(8618,'steady',6,'en'),(8619,'message',7,'en'),(8620,'some',4,'en'),(8621,'bone',4,'en'),(8622,'stove',5,'en'),(8623,'convert',7,'en'),(8624,'my',2,'en'),(8625,'speculate',9,'en'),(8626,'enroll',6,'en'),(8627,'therapist',9,'en'),(8628,'motor',5,'en'),(8629,'tablespoon',10,'en'),(8630,'correlation',11,'en'),(8631,'occasionally',12,'en'),(8632,'dead',4,'en'),(8633,'sir',3,'en'),(8634,'accessible',10,'en'),(8635,'hazard',6,'en'),(8636,'violent',7,'en'),(8637,'one-third',9,'en'),(8638,'politically',11,'en'),(8639,'select',6,'en'),(8640,'bias',4,'en'),(8641,'distribution',12,'en'),(8642,'recover',7,'en'),(8643,'describe',8,'en'),(8644,'competition',11,'en'),(8645,'mostly',6,'en'),(8646,'alike',5,'en'),(8647,'suggestion',10,'en'),(8648,'plan',4,'en'),(8649,'aim',3,'en'),(8650,'hidden',6,'en'),(8651,'skip',4,'en'),(8652,'lot',3,'en'),(8653,'at',2,'en'),(8654,'plot',4,'en'),(8655,'unprecedented',13,'en'),(8656,'incentive',9,'en'),(8657,'deck',4,'en'),(8658,'available',9,'en'),(8659,'stimulus',8,'en'),(8660,'hike',4,'en'),(8661,'steadily',8,'en'),(8662,'five',4,'en'),(8663,'history',7,'en'),(8664,'museum',6,'en'),(8665,'immediate',9,'en'),(8666,'legislation',11,'en'),(8667,'lay',3,'en'),(8668,'routinely',9,'en'),(8669,'pop',3,'en'),(8670,'influential',11,'en'),(8671,'highly',6,'en'),(8672,'morning',7,'en');
/*!40000 ALTER TABLE `type_master_word` ENABLE KEYS */;
UNLOCK TABLES;
/*!40103 SET TIME_ZONE=@OLD_TIME_ZONE */;

/*!40101 SET SQL_MODE=@OLD_SQL_MODE */;
/*!40014 SET FOREIGN_KEY_CHECKS=@OLD_FOREIGN_KEY_CHECKS */;
/*!40014 SET UNIQUE_CHECKS=@OLD_UNIQUE_CHECKS */;
/*!40101 SET CHARACTER_SET_CLIENT=@OLD_CHARACTER_SET_CLIENT */;
/*!40101 SET CHARACTER_SET_RESULTS=@OLD_CHARACTER_SET_RESULTS */;
/*!40101 SET COLLATION_CONNECTION=@OLD_COLLATION_CONNECTION */;
/*!40111 SET SQL_NOTES=@OLD_SQL_NOTES */;

-- Dump completed on 2025-01-06 13:53:15
